Image1;Image2;Image3;Image4;Image5;Expec1;Expec2;Expec3;PerQual1;PerQual2;PerQual3;PerQual4;PerQual5;PerQual6;PerQual7;PerVal1;PerVal2;Satis1;Satis2;Satis3;Compl;Loyal1;Loyal2;Loyal3;Rand1;Rand2;Rand3;Rand4;Rand5
66.6667;44.4444;44.4444;44.4444;33.3333;66.6667;66.6667;55.5556;66.6667;55.5556;33.3333;66.6667;55.5556;44.4444;44.4444;11.1111;22.2222;55.5556;33.3333;66.6667;66.6667;55.5556;44.4444;55.5556;0.9102;0.8775;0.8555;0.9542;0.7253
100;88.8889;100;100;88.8889;100;100;88.8889;100;88.8889;100;100;88.8889;100;100;100;100;100;100;77.7778;100;100;11.1111;100;0.0372;0.0029;0.0064;0.1152;0.0113
77.7778;66.6667;55.5556;33.3333;66.6667;66.6667;66.6667;66.6667;66.6667;77.7778;44.4444;66.6667;77.7778;66.6667;66.6667;66.6667;66.6667;77.7778;66.6667;66.6667;55.5556;55.5556;11.1111;66.6667;0.2755;0.3328;0.1921;0.2586;0.2555
100;100;44.4444;44.4444;100;66.6667;100;44.4444;77.7778;100;100;77.7778;33.3333;44.4444;77.7778;44.4444;44.4444;100;100;100;44.4444;100;33.3333;100;0.3604;0.3605;0.5798;0.4842;0.3864
100;100;44.4444;77.7778;88.8889;77.7778;66.6667;100;100;88.8889;77.7778;100;88.8889;88.8889;77.7778;55.5556;55.5556;100;77.7778;77.7778;44.4444;100;22.2222;77.7778;1.8559;1.6967;1.8201;1.6182;1.8094
77.7778;88.8889;100;77.7778;88.8889;100;88.8889;66.6667;88.8889;100;88.8889;100;77.7778;88.8889;88.8889;100;100;77.7778;66.6667;66.6667;77.7778;100;22.2222;100;1.7671;1.6753;1.8404;1.7388;1.6111
77.7778;66.6667;0;66.6667;66.6667;88.8889;55.5556;11.1111;66.6667;77.7778;88.8889;66.6667;77.7778;66.6667;77.7778;44.4444;66.6667;77.7778;77.7778;77.7778;66.6667;66.6667;55.5556;77.7778;0.3173;0.3535;0.2722;0.2499;0.37
77.7778;77.7778;88.8889;66.6667;88.8889;44.4444;55.5556;0;77.7778;55.5556;66.6667;77.7778;66.6667;77.7778;66.6667;44.4444;66.6667;66.6667;55.5556;66.6667;77.7778;44.4444;66.6667;77.7778;-1.6339;-1.6687;-1.478;-1.575;-1.7221
66.6667;88.8889;55.5556;55.5556;77.7778;66.6667;66.6667;66.6667;66.6667;77.7778;55.5556;66.6667;66.6667;66.6667;77.7778;44.4444;66.6667;66.6667;66.6667;66.6667;77.7778;55.5556;22.2222;66.6667;0.1866;0.1659;0.2437;0.1592;0.1587
55.5556;66.6667;66.6667;77.7778;77.7778;77.7778;66.6667;22.2222;55.5556;55.5556;77.7778;77.7778;77.7778;66.6667;77.7778;33.3333;55.5556;66.6667;44.4444;44.4444;55.5556;100;33.3333;55.5556;0.317;0.1323;0.4396;0.3435;0.3156
66.6667;100;66.6667;66.6667;66.6667;66.6667;55.5556;77.7778;77.7778;77.7778;77.7778;77.7778;77.7778;77.7778;77.7778;66.6667;66.6667;100;55.5556;66.6667;66.6667;100;33.3333;77.7778;0.3404;0.3453;0.312;0.185;0.139
88.8889;88.8889;44.4444;77.7778;88.8889;100;100;88.8889;66.6667;77.7778;77.7778;77.7778;88.8889;88.8889;77.7778;44.4444;66.6667;77.7778;77.7778;66.6667;66.6667;44.4444;11.1111;44.4444;1.1603;1.318;1.0784;1.153;1.1349
77.7778;88.8889;77.7778;77.7778;66.6667;77.7778;55.5556;88.8889;88.8889;88.8889;66.6667;77.7778;77.7778;88.8889;77.7778;44.4444;55.5556;77.7778;77.7778;66.6667;77.7778;66.6667;22.2222;77.7778;-1.4273;-1.2807;-1.608;-1.5196;-1.3735
100;100;100;100;100;100;100;100;100;66.6667;100;100;100;100;100;66.6667;77.7778;100;77.7778;77.7778;77.7778;100;33.3333;100;0.872;0.8166;1.0028;0.8824;0.7892
100;77.7778;33.3333;55.5556;100;44.4444;44.4444;100;77.7778;77.7778;77.7778;88.8889;55.5556;88.8889;66.6667;11.1111;44.4444;77.7778;55.5556;66.6667;66.6667;44.4444;11.1111;100;0.4475;0.4249;0.513;0.4589;0.5118
66.6667;88.8889;66.6667;100;88.8889;44.4444;66.6667;88.8889;100;88.8889;88.8889;88.8889;88.8889;88.8889;88.8889;11.1111;66.6667;88.8889;55.5556;66.6667;66.6667;88.8889;33.3333;77.7778;1.7852;1.6789;1.7888;1.884;1.795
77.7778;66.6667;77.7778;100;100;77.7778;77.7778;55.5556;88.8889;77.7778;100;88.8889;100;88.8889;33.3333;44.4444;100;88.8889;77.7778;66.6667;44.4444;100;11.1111;100;1.5241;1.5616;1.6551;1.524;1.4699
66.6667;44.4444;11.1111;44.4444;44.4444;44.4444;66.6667;66.6667;66.6667;55.5556;44.4444;77.7778;66.6667;66.6667;66.6667;66.6667;66.6667;77.7778;44.4444;44.4444;44.4444;22.2222;22.2222;22.2222;-1.0131;-0.8688;-1.1205;-1.0471;-0.8713
88.8889;88.8889;88.8889;77.7778;88.8889;77.7778;77.7778;100;77.7778;77.7778;88.8889;88.8889;77.7778;88.8889;88.8889;77.7778;66.6667;88.8889;77.7778;88.8889;100;88.8889;44.4444;100;-0.735;-0.7701;-0.6359;-0.7352;-0.7527
66.6667;66.6667;44.4444;55.5556;66.6667;44.4444;66.6667;55.5556;77.7778;66.6667;66.6667;77.7778;77.7778;66.6667;55.5556;66.6667;66.6667;77.7778;77.7778;55.5556;44.4444;77.7778;0;55.5556;-0.5839;-0.6648;-0.6037;-0.7039;-0.7545
77.7778;88.8889;66.6667;77.7778;77.7778;33.3333;66.6667;66.6667;66.6667;77.7778;77.7778;77.7778;88.8889;77.7778;77.7778;66.6667;66.6667;77.7778;88.8889;77.7778;66.6667;77.7778;33.3333;88.8889;-0.0142;0.0228;0.0756;-0.0753;0.0182
66.6667;55.5556;77.7778;77.7778;77.7778;55.5556;88.8889;88.8889;77.7778;22.2222;100;66.6667;88.8889;77.7778;55.5556;44.4444;44.4444;66.6667;33.3333;44.4444;66.6667;22.2222;55.5556;66.6667;0.8803;0.8098;0.8469;0.8425;1.0479
66.6667;66.6667;66.6667;66.6667;66.6667;66.6667;44.4444;66.6667;66.6667;66.6667;66.6667;77.7778;66.6667;66.6667;44.4444;44.4444;66.6667;66.6667;66.6667;44.4444;66.6667;66.6667;11.1111;66.6667;-1.5167;-1.4705;-1.5053;-1.5255;-1.5534
66.6667;77.7778;77.7778;66.6667;77.7778;66.6667;66.6667;77.7778;77.7778;77.7778;77.7778;77.7778;77.7778;66.6667;66.6667;88.8889;88.8889;77.7778;77.7778;77.7778;88.8889;77.7778;11.1111;88.8889;0.2663;0.2875;0.2312;0.2833;0.3853
66.6667;77.7778;77.7778;55.5556;55.5556;77.7778;66.6667;66.6667;55.5556;77.7778;44.4444;44.4444;77.7778;55.5556;33.3333;22.2222;44.4444;66.6667;44.4444;11.1111;33.3333;22.2222;11.1111;0;0.0147;0.0986;0.0113;-0.0843;0.0019
100;100;100;100;100;77.7778;100;77.7778;100;100;100;100;100;100;100;77.7778;77.7778;100;77.7778;100;100;100;77.7778;100;-1.3636;-1.5365;-1.239;-1.346;-1.3383
100;100;66.6667;77.7778;77.7778;77.7778;77.7778;77.7778;77.7778;77.7778;77.7778;77.7778;77.7778;77.7778;66.6667;66.6667;66.6667;77.7778;44.4444;66.6667;44.4444;66.6667;22.2222;66.6667;0.214;-0.0224;-0.068;0.2843;0.1944
11.1111;77.7778;44.4444;77.7778;0;77.7778;77.7778;100;44.4444;44.4444;44.4444;44.4444;44.4444;44.4444;44.4444;100;100;77.7778;44.4444;66.6667;44.4444;100;100;77.7778;0.3186;0.3481;0.4106;0.227;0.3395
66.6667;77.7778;77.7778;66.6667;66.6667;55.5556;66.6667;66.6667;77.7778;66.6667;77.7778;66.6667;66.6667;66.6667;77.7778;66.6667;77.7778;77.7778;66.6667;66.6667;66.6667;88.8889;44.4444;77.7778;-0.6954;-0.6644;-0.6558;-0.7558;-0.7017
100;100;77.7778;100;100;66.6667;100;100;100;100;88.8889;100;88.8889;100;88.8889;77.7778;100;100;100;88.8889;77.7778;100;77.7778;100;0.9808;1.0114;1.1027;0.9647;1.0536
88.8889;88.8889;44.4444;66.6667;77.7778;55.5556;77.7778;66.6667;88.8889;88.8889;77.7778;88.8889;77.7778;88.8889;77.7778;77.7778;88.8889;88.8889;77.7778;77.7778;77.7778;77.7778;22.2222;100;0.0034;0.0598;0.0805;0.0504;-0.0688
66.6667;66.6667;66.6667;66.6667;66.6667;66.6667;66.6667;55.5556;77.7778;66.6667;66.6667;77.7778;77.7778;66.6667;66.6667;44.4444;44.4444;77.7778;44.4444;44.4444;22.2222;44.4444;22.2222;33.3333;-1.0578;-1.2153;-1.0279;-1.0272;-1.145
88.8889;66.6667;66.6667;100;100;44.4444;100;44.4444;44.4444;66.6667;100;44.4444;66.6667;66.6667;100;44.4444;100;66.6667;44.4444;88.8889;66.6667;100;0;100;1.3848;1.448;1.4754;1.4643;1.3527
77.7778;77.7778;66.6667;100;77.7778;66.6667;66.6667;100;100;55.5556;100;100;100;100;66.6667;77.7778;66.6667;55.5556;88.8889;100;100;100;22.2222;77.7778;0.2805;0.3174;0.117;0.3969;0.1752
66.6667;100;44.4444;55.5556;44.4444;100;44.4444;100;44.4444;0;44.4444;44.4444;44.4444;44.4444;0;0;0;66.6667;22.2222;0;0;0;44.4444;0;0.7796;0.7884;0.8066;0.7571;0.9397
100;66.6667;66.6667;100;100;100;77.7778;100;77.7778;33.3333;100;33.3333;100;100;77.7778;77.7778;66.6667;66.6667;66.6667;66.6667;100;66.6667;11.1111;77.7778;0.3145;0.1254;0.3281;0.3635;0.1385
66.6667;88.8889;55.5556;55.5556;55.5556;66.6667;55.5556;88.8889;88.8889;100;55.5556;88.8889;66.6667;88.8889;44.4444;22.2222;44.4444;66.6667;66.6667;22.2222;0;22.2222;55.5556;11.1111;1.1391;1.2286;1.0547;1.2027;1.1699
77.7778;66.6667;66.6667;44.4444;77.7778;77.7778;66.6667;44.4444;77.7778;66.6667;66.6667;77.7778;66.6667;66.6667;66.6667;55.5556;44.4444;77.7778;44.4444;66.6667;66.6667;88.8889;22.2222;55.5556;-1.1474;-1.0553;-1.0862;-1.1203;-1.1885
100;100;44.4444;66.6667;66.6667;77.7778;66.6667;66.6667;88.8889;100;88.8889;100;88.8889;100;77.7778;88.8889;88.8889;100;66.6667;88.8889;100;100;100;88.8889;-1.3547;-1.5674;-1.5144;-1.3737;-1.5264
55.5556;66.6667;77.7778;66.6667;77.7778;66.6667;66.6667;77.7778;77.7778;66.6667;66.6667;77.7778;77.7778;77.7778;66.6667;55.5556;77.7778;77.7778;66.6667;66.6667;55.5556;100;33.3333;88.8889;1.2222;1.3285;1.0763;1.1933;1.1615
77.7778;77.7778;44.4444;77.7778;100;100;100;100;77.7778;100;100;100;88.8889;100;66.6667;77.7778;77.7778;100;88.8889;88.8889;100;77.7778;22.2222;100;0.0337;0.1559;0.0485;-0.0393;0.0312
66.6667;77.7778;66.6667;88.8889;88.8889;88.8889;77.7778;66.6667;88.8889;66.6667;88.8889;77.7778;77.7778;77.7778;88.8889;77.7778;66.6667;77.7778;66.6667;88.8889;44.4444;88.8889;100;77.7778;-0.3998;-0.2846;-0.3567;-0.4616;-0.526
77.7778;66.6667;100;100;100;44.4444;66.6667;44.4444;100;77.7778;100;100;88.8889;77.7778;100;77.7778;100;100;100;77.7778;100;100;11.1111;100;-0.0264;-0.0699;-0.0915;-0.1205;-0.1117
55.5556;55.5556;66.6667;66.6667;55.5556;77.7778;66.6667;66.6667;66.6667;77.7778;77.7778;77.7778;44.4444;77.7778;66.6667;33.3333;44.4444;66.6667;66.6667;77.7778;33.3333;55.5556;11.1111;88.8889;-0.4066;-0.434;-0.4168;-0.4127;-0.4473
100;100;77.7778;100;100;77.7778;88.8889;100;100;100;100;100;88.8889;88.8889;100;77.7778;100;100;100;100;100;77.7778;66.6667;100;-0.1272;-0.0834;0.005;-0.098;-0.2432
100;55.5556;66.6667;100;100;77.7778;77.7778;100;100;66.6667;100;88.8889;100;100;100;77.7778;66.6667;88.8889;77.7778;77.7778;77.7778;66.6667;55.5556;0;0.318;0.09;0.277;0.3202;0.403
100;77.7778;44.4444;77.7778;66.6667;77.7778;66.6667;100;88.8889;100;88.8889;77.7778;66.6667;77.7778;77.7778;11.1111;44.4444;77.7778;55.5556;66.6667;100;44.4444;11.1111;66.6667;-0.8265;-0.9721;-0.969;-0.8601;-0.8581
66.6667;66.6667;66.6667;77.7778;66.6667;66.6667;77.7778;44.4444;77.7778;77.7778;77.7778;66.6667;77.7778;77.7778;77.7778;66.6667;77.7778;77.7778;66.6667;77.7778;88.8889;77.7778;66.6667;77.7778;-0.0661;-0.115;-0.1343;-0.06;-0.0436
55.5556;77.7778;0;11.1111;44.4444;55.5556;100;44.4444;55.5556;66.6667;0;66.6667;55.5556;55.5556;11.1111;22.2222;33.3333;55.5556;44.4444;33.3333;22.2222;33.3333;0;33.3333;-0.0595;-0.0632;-0.1334;0.0136;-0.1217
44.4444;100;0;44.4444;88.8889;100;77.7778;0;55.5556;88.8889;88.8889;100;88.8889;88.8889;66.6667;0;11.1111;66.6667;33.3333;55.5556;100;33.3333;11.1111;66.6667;-0.3078;-0.1932;-0.4711;-0.3098;-0.3015
77.7778;100;66.6667;100;77.7778;77.7778;77.7778;100;77.7778;55.5556;100;66.6667;77.7778;77.7778;100;33.3333;66.6667;77.7778;100;77.7778;100;100;22.2222;77.7778;1.1929;1.2957;1.2577;1.2852;1.0704
77.7778;66.6667;66.6667;77.7778;66.6667;55.5556;55.5556;77.7778;77.7778;55.5556;66.6667;66.6667;55.5556;66.6667;55.5556;44.4444;55.5556;66.6667;55.5556;66.6667;66.6667;55.5556;11.1111;66.6667;2.3925;2.3276;2.4757;2.4772;2.4262
77.7778;66.6667;77.7778;66.6667;66.6667;77.7778;44.4444;88.8889;88.8889;100;66.6667;88.8889;66.6667;77.7778;77.7778;77.7778;77.7778;88.8889;77.7778;66.6667;44.4444;66.6667;22.2222;100;-0.7943;-0.8015;-0.9198;-0.8043;-0.7293
44.4444;77.7778;0;100;66.6667;100;77.7778;77.7778;77.7778;77.7778;77.7778;100;77.7778;55.5556;55.5556;77.7778;66.6667;77.7778;66.6667;66.6667;77.7778;77.7778;55.5556;77.7778;-1.0751;-0.9206;-1.0923;-1.1674;-1.0675
66.6667;77.7778;66.6667;66.6667;66.6667;66.6667;66.6667;44.4444;66.6667;66.6667;66.6667;77.7778;66.6667;77.7778;77.7778;77.7778;66.6667;77.7778;55.5556;66.6667;66.6667;66.6667;33.3333;66.6667;-0.4094;-0.4384;-0.5232;-0.3088;-0.384
66.6667;44.4444;66.6667;66.6667;77.7778;88.8889;77.7778;55.5556;66.6667;66.6667;88.8889;66.6667;77.7778;66.6667;77.7778;77.7778;66.6667;77.7778;66.6667;66.6667;55.5556;66.6667;11.1111;66.6667;0.9701;0.9259;1.0254;0.9606;0.8811
77.7778;88.8889;11.1111;66.6667;88.8889;66.6667;44.4444;77.7778;77.7778;44.4444;55.5556;44.4444;55.5556;44.4444;11.1111;44.4444;44.4444;44.4444;11.1111;55.5556;66.6667;44.4444;100;44.4444;0.4505;0.4303;0.3865;0.428;0.4606
88.8889;88.8889;77.7778;77.7778;100;66.6667;66.6667;88.8889;88.8889;66.6667;100;100;77.7778;77.7778;100;77.7778;77.7778;88.8889;77.7778;77.7778;88.8889;77.7778;33.3333;77.7778;-2.3465;-2.4225;-2.3039;-2.3379;-2.2281
88.8889;100;66.6667;100;77.7778;100;77.7778;77.7778;100;88.8889;77.7778;88.8889;77.7778;88.8889;77.7778;77.7778;88.8889;100;77.7778;100;100;100;44.4444;100;0.6732;0.6579;0.6521;0.5747;0.7674
66.6667;66.6667;66.6667;77.7778;66.6667;55.5556;77.7778;44.4444;77.7778;66.6667;77.7778;66.6667;66.6667;77.7778;77.7778;55.5556;55.5556;77.7778;66.6667;66.6667;44.4444;66.6667;55.5556;44.4444;0.4853;0.579;0.6229;0.5483;0.5529
66.6667;55.5556;77.7778;44.4444;66.6667;88.8889;88.8889;0;55.5556;66.6667;55.5556;55.5556;66.6667;66.6667;55.5556;33.3333;33.3333;55.5556;33.3333;55.5556;33.3333;66.6667;11.1111;33.3333;-1.0601;-0.8612;-0.9323;-1.1884;-0.9854
77.7778;77.7778;33.3333;77.7778;66.6667;66.6667;44.4444;66.6667;77.7778;88.8889;88.8889;66.6667;66.6667;88.8889;88.8889;66.6667;66.6667;88.8889;66.6667;66.6667;66.6667;77.7778;66.6667;77.7778;-0.9694;-0.9013;-0.9237;-0.9253;-1.0532
66.6667;66.6667;77.7778;77.7778;88.8889;88.8889;66.6667;88.8889;66.6667;66.6667;77.7778;77.7778;77.7778;77.7778;77.7778;88.8889;77.7778;77.7778;66.6667;77.7778;88.8889;66.6667;22.2222;88.8889;1.1145;1.1708;1.275;1.0887;1.135
77.7778;77.7778;0;44.4444;77.7778;55.5556;66.6667;77.7778;77.7778;77.7778;22.2222;33.3333;66.6667;77.7778;44.4444;44.4444;55.5556;66.6667;44.4444;66.6667;55.5556;100;66.6667;55.5556;-1.7611;-1.8098;-1.8478;-1.6017;-1.647
66.6667;77.7778;77.7778;77.7778;33.3333;88.8889;66.6667;77.7778;77.7778;66.6667;77.7778;77.7778;88.8889;55.5556;66.6667;55.5556;66.6667;66.6667;66.6667;55.5556;55.5556;11.1111;44.4444;22.2222;-0.4803;-0.6025;-0.4502;-0.576;-0.5982
77.7778;88.8889;55.5556;88.8889;77.7778;77.7778;77.7778;66.6667;77.7778;88.8889;77.7778;88.8889;88.8889;88.8889;88.8889;11.1111;55.5556;88.8889;66.6667;55.5556;55.5556;55.5556;11.1111;55.5556;0.6644;0.5935;0.6338;0.739;0.6396
77.7778;33.3333;88.8889;77.7778;55.5556;77.7778;100;77.7778;77.7778;77.7778;77.7778;100;77.7778;100;100;66.6667;66.6667;77.7778;77.7778;66.6667;66.6667;66.6667;88.8889;55.5556;0.1106;0.1721;0.1849;0.124;0.1834
66.6667;66.6667;66.6667;66.6667;66.6667;77.7778;77.7778;77.7778;55.5556;44.4444;77.7778;66.6667;77.7778;66.6667;66.6667;44.4444;44.4444;55.5556;0;33.3333;33.3333;0;66.6667;33.3333;-1.1379;-1.082;-1.2784;-1.2206;-0.9678
77.7778;66.6667;55.5556;77.7778;88.8889;88.8889;55.5556;66.6667;77.7778;66.6667;66.6667;77.7778;88.8889;88.8889;77.7778;55.5556;66.6667;77.7778;66.6667;77.7778;66.6667;88.8889;66.6667;77.7778;-1.0368;-1.0769;-1.0297;-1.0875;-1.137
77.7778;66.6667;44.4444;77.7778;77.7778;77.7778;66.6667;77.7778;66.6667;77.7778;77.7778;88.8889;77.7778;77.7778;88.8889;55.5556;55.5556;66.6667;55.5556;66.6667;100;66.6667;22.2222;77.7778;2.1258;2.1049;2.2029;2.1256;2.0001
66.6667;88.8889;66.6667;77.7778;88.8889;66.6667;66.6667;77.7778;77.7778;77.7778;77.7778;88.8889;88.8889;77.7778;88.8889;66.6667;66.6667;88.8889;66.6667;77.7778;66.6667;66.6667;22.2222;88.8889;-1.7099;-1.7729;-1.7143;-1.8673;-1.6127
100;100;44.4444;77.7778;77.7778;100;100;100;100;88.8889;88.8889;100;100;88.8889;77.7778;66.6667;66.6667;100;55.5556;88.8889;100;44.4444;33.3333;77.7778;0.4435;0.5287;0.5285;0.4275;0.4061
88.8889;100;66.6667;66.6667;100;77.7778;100;66.6667;77.7778;100;100;100;100;100;100;0;0;100;100;100;100;0;44.4444;0;-0.4624;-0.536;-0.5027;-0.3849;-0.5378
44.4444;66.6667;66.6667;44.4444;66.6667;77.7778;55.5556;33.3333;66.6667;66.6667;44.4444;66.6667;66.6667;66.6667;55.5556;66.6667;66.6667;66.6667;55.5556;44.4444;44.4444;66.6667;55.5556;44.4444;0.081;0.0352;-0.0596;0.1343;0.1751
77.7778;66.6667;66.6667;66.6667;66.6667;77.7778;100;100;66.6667;66.6667;77.7778;66.6667;77.7778;66.6667;77.7778;66.6667;66.6667;66.6667;0;66.6667;55.5556;100;44.4444;44.4444;1.4045;1.3648;1.5202;1.3915;1.4593
33.3333;55.5556;33.3333;44.4444;66.6667;77.7778;11.1111;88.8889;77.7778;66.6667;55.5556;66.6667;77.7778;77.7778;55.5556;33.3333;33.3333;66.6667;55.5556;55.5556;66.6667;77.7778;44.4444;55.5556;-0.8703;-0.9471;-0.9675;-0.9505;-0.8691
66.6667;66.6667;66.6667;66.6667;77.7778;88.8889;88.8889;100;66.6667;77.7778;77.7778;77.7778;77.7778;77.7778;77.7778;77.7778;77.7778;66.6667;55.5556;88.8889;88.8889;77.7778;33.3333;88.8889;0.4754;0.4984;0.3355;0.5414;0.4188
55.5556;55.5556;77.7778;66.6667;66.6667;55.5556;44.4444;44.4444;66.6667;55.5556;33.3333;66.6667;55.5556;55.5556;66.6667;44.4444;44.4444;77.7778;66.6667;55.5556;44.4444;100;55.5556;77.7778;0.9037;0.9553;0.7882;0.9882;0.746
66.6667;77.7778;77.7778;77.7778;66.6667;77.7778;55.5556;66.6667;77.7778;66.6667;66.6667;77.7778;66.6667;77.7778;77.7778;55.5556;55.5556;77.7778;55.5556;66.6667;66.6667;77.7778;55.5556;77.7778;1.9885;1.949;2.0843;1.9275;1.7854
77.7778;66.6667;66.6667;55.5556;66.6667;66.6667;77.7778;66.6667;77.7778;66.6667;66.6667;77.7778;77.7778;77.7778;55.5556;66.6667;66.6667;66.6667;77.7778;66.6667;66.6667;77.7778;0;77.7778;-0.7631;-0.6454;-0.8375;-0.965;-0.9827
77.7778;88.8889;77.7778;77.7778;88.8889;88.8889;77.7778;88.8889;88.8889;88.8889;88.8889;100;88.8889;88.8889;88.8889;66.6667;66.6667;77.7778;88.8889;77.7778;66.6667;77.7778;100;100;0.4142;0.495;0.4324;0.3946;0.4994
77.7778;66.6667;66.6667;88.8889;77.7778;77.7778;55.5556;33.3333;77.7778;77.7778;77.7778;77.7778;66.6667;66.6667;66.6667;66.6667;77.7778;77.7778;33.3333;77.7778;77.7778;88.8889;55.5556;77.7778;0.8302;0.8305;0.8464;0.6842;0.9965
77.7778;88.8889;66.6667;88.8889;77.7778;77.7778;77.7778;77.7778;88.8889;77.7778;100;88.8889;88.8889;66.6667;88.8889;66.6667;77.7778;88.8889;88.8889;100;77.7778;100;55.5556;100;0.8654;0.8094;0.869;0.8806;0.9384
66.6667;55.5556;55.5556;66.6667;77.7778;66.6667;66.6667;55.5556;77.7778;66.6667;77.7778;77.7778;88.8889;66.6667;66.6667;55.5556;66.6667;77.7778;55.5556;55.5556;55.5556;66.6667;33.3333;55.5556;2.0449;2.0257;2.0244;2.0896;2.0276
66.6667;66.6667;33.3333;77.7778;77.7778;77.7778;55.5556;77.7778;77.7778;77.7778;77.7778;66.6667;77.7778;66.6667;66.6667;55.5556;66.6667;77.7778;66.6667;55.5556;77.7778;77.7778;33.3333;44.4444;0.4761;0.4804;0.5408;0.612;0.4328
77.7778;55.5556;77.7778;77.7778;88.8889;77.7778;44.4444;22.2222;66.6667;44.4444;88.8889;88.8889;88.8889;77.7778;100;33.3333;77.7778;66.6667;88.8889;66.6667;66.6667;88.8889;33.3333;44.4444;1.9622;2.0513;2.0258;1.9764;1.9665
88.8889;88.8889;55.5556;77.7778;88.8889;88.8889;77.7778;100;88.8889;88.8889;77.7778;77.7778;88.8889;88.8889;88.8889;77.7778;88.8889;77.7778;88.8889;100;88.8889;100;22.2222;100;1.7217;1.723;1.8262;1.699;1.6663
88.8889;77.7778;66.6667;88.8889;88.8889;88.8889;100;77.7778;88.8889;77.7778;88.8889;88.8889;88.8889;88.8889;88.8889;88.8889;88.8889;77.7778;66.6667;88.8889;88.8889;100;77.7778;77.7778;-0.3741;-0.4628;-0.1809;-0.3181;-0.3893
66.6667;77.7778;55.5556;88.8889;77.7778;77.7778;66.6667;77.7778;88.8889;77.7778;77.7778;66.6667;66.6667;88.8889;66.6667;66.6667;77.7778;88.8889;77.7778;77.7778;100;100;11.1111;100;-0.7093;-0.6662;-0.7565;-0.7775;-0.4822
66.6667;77.7778;66.6667;100;77.7778;66.6667;66.6667;66.6667;77.7778;88.8889;100;77.7778;100;88.8889;88.8889;66.6667;77.7778;66.6667;88.8889;77.7778;88.8889;77.7778;88.8889;88.8889;0.5636;0.5789;0.5727;0.6714;0.5834
88.8889;100;100;77.7778;77.7778;77.7778;77.7778;77.7778;88.8889;100;88.8889;100;100;77.7778;88.8889;77.7778;77.7778;100;77.7778;66.6667;100;100;100;77.7778;-0.3821;-0.35;-0.4163;-0.2849;-0.3596
77.7778;77.7778;55.5556;66.6667;66.6667;77.7778;66.6667;66.6667;66.6667;77.7778;55.5556;77.7778;66.6667;55.5556;66.6667;55.5556;66.6667;77.7778;77.7778;66.6667;55.5556;55.5556;22.2222;77.7778;-1.6841;-1.835;-1.8806;-1.6849;-1.5821
77.7778;77.7778;77.7778;88.8889;88.8889;77.7778;88.8889;66.6667;88.8889;77.7778;88.8889;77.7778;88.8889;77.7778;88.8889;66.6667;77.7778;77.7778;88.8889;88.8889;88.8889;100;11.1111;88.8889;-0.0766;-0.118;0.0052;-0.0144;-0.0113
55.5556;77.7778;66.6667;66.6667;88.8889;55.5556;77.7778;55.5556;77.7778;44.4444;77.7778;100;77.7778;66.6667;55.5556;77.7778;55.5556;66.6667;77.7778;66.6667;66.6667;77.7778;100;44.4444;-0.7397;-0.83;-0.7901;-0.8072;-0.7923
11.1111;66.6667;66.6667;11.1111;44.4444;66.6667;44.4444;66.6667;33.3333;77.7778;11.1111;22.2222;33.3333;33.3333;33.3333;33.3333;33.3333;44.4444;11.1111;22.2222;0;0;11.1111;0;1.3336;1.3192;1.3063;1.2252;1.3361
88.8889;88.8889;100;100;88.8889;66.6667;77.7778;100;88.8889;77.7778;100;66.6667;88.8889;77.7778;88.8889;77.7778;100;77.7778;77.7778;100;88.8889;100;77.7778;88.8889;1.0364;0.9979;0.886;1.1107;1.172
88.8889;77.7778;66.6667;66.6667;66.6667;77.7778;44.4444;77.7778;88.8889;77.7778;66.6667;88.8889;77.7778;88.8889;100;88.8889;77.7778;77.7778;77.7778;88.8889;77.7778;88.8889;55.5556;88.8889;1.033;1.2775;1.1339;1.2344;1.117
66.6667;66.6667;55.5556;66.6667;66.6667;66.6667;55.5556;77.7778;77.7778;77.7778;66.6667;66.6667;55.5556;66.6667;66.6667;66.6667;66.6667;77.7778;55.5556;66.6667;66.6667;66.6667;22.2222;77.7778;0.2261;0.3261;0.1207;0.3995;0.0553
77.7778;55.5556;22.2222;66.6667;66.6667;66.6667;55.5556;44.4444;77.7778;55.5556;66.6667;66.6667;66.6667;66.6667;66.6667;44.4444;66.6667;77.7778;66.6667;66.6667;66.6667;66.6667;22.2222;44.4444;-0.2604;-0.2356;-0.188;-0.2064;-0.2483
100;100;66.6667;100;66.6667;66.6667;66.6667;88.8889;100;77.7778;100;100;66.6667;100;100;66.6667;66.6667;77.7778;88.8889;88.8889;100;66.6667;100;100;1.2644;1.223;1.2603;1.256;1.3194
77.7778;77.7778;44.4444;77.7778;77.7778;77.7778;44.4444;77.7778;77.7778;66.6667;77.7778;77.7778;77.7778;66.6667;77.7778;66.6667;77.7778;77.7778;44.4444;66.6667;77.7778;77.7778;22.2222;44.4444;-1.7419;-1.8034;-1.8862;-1.745;-1.7568
77.7778;77.7778;66.6667;77.7778;77.7778;77.7778;77.7778;66.6667;77.7778;66.6667;77.7778;66.6667;77.7778;77.7778;66.6667;66.6667;66.6667;77.7778;77.7778;66.6667;66.6667;66.6667;55.5556;66.6667;0.7016;0.6591;0.6472;0.8706;0.703
100;66.6667;11.1111;77.7778;66.6667;77.7778;66.6667;77.7778;88.8889;88.8889;44.4444;88.8889;77.7778;66.6667;77.7778;66.6667;77.7778;77.7778;77.7778;77.7778;77.7778;88.8889;11.1111;100;1.2813;1.2155;1.0606;1.3163;1.1242
66.6667;55.5556;66.6667;66.6667;55.5556;66.6667;66.6667;55.5556;66.6667;55.5556;77.7778;55.5556;66.6667;55.5556;66.6667;55.5556;66.6667;100;55.5556;77.7778;66.6667;44.4444;77.7778;77.7778;-0.4326;-0.5056;-0.3753;-0.4605;-0.4846
100;100;77.7778;77.7778;88.8889;88.8889;66.6667;66.6667;88.8889;88.8889;77.7778;88.8889;77.7778;100;88.8889;77.7778;77.7778;100;66.6667;77.7778;77.7778;100;55.5556;100;-0.2387;-0.4066;-0.3469;-0.0128;-0.3375
66.6667;22.2222;66.6667;22.2222;88.8889;66.6667;11.1111;77.7778;55.5556;66.6667;88.8889;66.6667;88.8889;66.6667;66.6667;44.4444;44.4444;66.6667;44.4444;44.4444;100;44.4444;22.2222;66.6667;1.0074;1.0153;0.991;0.9833;1.0052
100;44.4444;44.4444;44.4444;77.7778;100;100;100;100;44.4444;44.4444;100;44.4444;100;100;100;77.7778;100;77.7778;77.7778;77.7778;77.7778;22.2222;77.7778;-1.0606;-1.0365;-0.9559;-1.1306;-1.0667
77.7778;88.8889;77.7778;66.6667;77.7778;66.6667;77.7778;77.7778;77.7778;66.6667;77.7778;77.7778;77.7778;77.7778;66.6667;22.2222;66.6667;77.7778;77.7778;88.8889;77.7778;77.7778;22.2222;88.8889;0.1811;0.1712;0.2737;-0.0059;0.2373
66.6667;100;66.6667;100;100;100;0;66.6667;100;100;100;0;100;0;100;77.7778;77.7778;77.7778;66.6667;77.7778;11.1111;100;33.3333;100;0.5596;0.557;0.7481;0.628;0.3872
77.7778;77.7778;66.6667;77.7778;88.8889;77.7778;88.8889;77.7778;88.8889;66.6667;77.7778;77.7778;77.7778;77.7778;77.7778;66.6667;77.7778;100;77.7778;100;100;100;66.6667;100;-1.4519;-1.5187;-1.3054;-1.6428;-1.539
44.4444;55.5556;44.4444;77.7778;77.7778;77.7778;77.7778;44.4444;66.6667;88.8889;66.6667;77.7778;88.8889;88.8889;77.7778;44.4444;66.6667;88.8889;77.7778;66.6667;66.6667;88.8889;11.1111;77.7778;-0.6841;-0.7119;-0.6846;-0.7148;-0.676
88.8889;88.8889;100;77.7778;88.8889;88.8889;77.7778;88.8889;88.8889;88.8889;66.6667;88.8889;77.7778;88.8889;77.7778;66.6667;88.8889;77.7778;55.5556;77.7778;77.7778;100;11.1111;88.8889;-0.0214;-0.0491;-0.3099;-0.1139;0.0471
88.8889;77.7778;77.7778;88.8889;77.7778;88.8889;100;88.8889;88.8889;77.7778;88.8889;88.8889;88.8889;88.8889;88.8889;88.8889;77.7778;88.8889;88.8889;88.8889;100;100;100;100;-0.8434;-0.8268;-0.9015;-0.7795;-0.9524
77.7778;100;77.7778;100;77.7778;77.7778;77.7778;100;100;100;100;100;100;100;100;77.7778;77.7778;100;77.7778;100;100;100;33.3333;100;-1.5227;-1.6294;-1.5422;-1.6568;-1.5123
100;77.7778;66.6667;100;88.8889;66.6667;100;77.7778;77.7778;66.6667;100;100;100;100;100;77.7778;77.7778;77.7778;77.7778;100;100;77.7778;55.5556;100;0.2366;0.2438;0.2625;0.2634;0.1701
66.6667;77.7778;100;77.7778;100;44.4444;100;100;77.7778;66.6667;33.3333;44.4444;77.7778;66.6667;66.6667;11.1111;44.4444;77.7778;44.4444;44.4444;44.4444;77.7778;100;88.8889;1.6344;1.4693;1.6403;1.5872;1.7187
88.8889;100;100;88.8889;66.6667;44.4444;0;88.8889;66.6667;77.7778;88.8889;88.8889;88.8889;100;100;100;100;77.7778;100;100;100;100;55.5556;100;0.5816;0.5424;0.5471;0.653;0.6445
100;100;100;100;100;100;100;100;100;88.8889;66.6667;100;100;88.8889;100;77.7778;77.7778;100;66.6667;77.7778;88.8889;100;11.1111;100;-0.7905;-0.7361;-0.7618;-0.9205;-0.5865
77.7778;88.8889;77.7778;88.8889;88.8889;100;77.7778;100;100;66.6667;100;88.8889;100;88.8889;88.8889;88.8889;88.8889;77.7778;77.7778;88.8889;77.7778;100;100;66.6667;0.4847;0.4353;0.4248;0.5691;0.5135
77.7778;100;100;100;100;100;77.7778;66.6667;77.7778;77.7778;77.7778;77.7778;77.7778;77.7778;100;77.7778;77.7778;77.7778;100;100;77.7778;100;100;77.7778;1.5438;1.6576;1.541;1.4218;1.5441
88.8889;100;66.6667;77.7778;77.7778;88.8889;77.7778;100;77.7778;77.7778;77.7778;88.8889;88.8889;77.7778;77.7778;66.6667;77.7778;88.8889;100;44.4444;77.7778;55.5556;11.1111;66.6667;0.4708;0.5528;0.6544;0.5854;0.5314
66.6667;44.4444;77.7778;55.5556;66.6667;88.8889;77.7778;55.5556;77.7778;77.7778;66.6667;44.4444;66.6667;66.6667;77.7778;11.1111;33.3333;44.4444;66.6667;44.4444;44.4444;100;22.2222;0;-0.2171;-0.2096;-0.1873;-0.2572;-0.0621
100;100;100;100;100;100;100;77.7778;100;100;100;100;100;100;100;100;100;100;100;100;100;100;77.7778;100;1.2564;1.0838;1.4196;1.3481;1.231
66.6667;66.6667;22.2222;44.4444;44.4444;77.7778;88.8889;33.3333;55.5556;33.3333;55.5556;66.6667;66.6667;44.4444;55.5556;44.4444;55.5556;66.6667;33.3333;55.5556;33.3333;77.7778;44.4444;77.7778;0.5152;0.6402;0.5525;0.5765;0.7101
66.6667;44.4444;66.6667;66.6667;77.7778;55.5556;44.4444;88.8889;55.5556;22.2222;44.4444;22.2222;66.6667;33.3333;88.8889;55.5556;66.6667;77.7778;44.4444;66.6667;66.6667;77.7778;22.2222;55.5556;-0.4273;-0.4864;-0.3698;-0.4104;-0.419
66.6667;66.6667;44.4444;0;11.1111;77.7778;55.5556;66.6667;77.7778;77.7778;66.6667;88.8889;66.6667;77.7778;88.8889;44.4444;44.4444;55.5556;66.6667;66.6667;33.3333;11.1111;22.2222;33.3333;0.2198;0.1761;0.0901;0.2712;0.4002
88.8889;100;88.8889;100;88.8889;100;88.8889;88.8889;100;77.7778;88.8889;88.8889;88.8889;88.8889;88.8889;88.8889;88.8889;88.8889;100;88.8889;88.8889;100;100;88.8889;-0.2709;-0.331;-0.2719;-0.2336;-0.3709
55.5556;55.5556;66.6667;77.7778;77.7778;66.6667;55.5556;55.5556;77.7778;66.6667;77.7778;77.7778;66.6667;77.7778;77.7778;44.4444;55.5556;77.7778;77.7778;66.6667;66.6667;77.7778;22.2222;66.6667;-0.5323;-0.4573;-0.4007;-0.7348;-0.3901
77.7778;44.4444;66.6667;66.6667;66.6667;77.7778;66.6667;66.6667;66.6667;44.4444;88.8889;66.6667;77.7778;66.6667;77.7778;44.4444;44.4444;66.6667;55.5556;55.5556;55.5556;0;100;77.7778;2.6155;2.6436;2.636;2.7287;2.6316
77.7778;77.7778;77.7778;77.7778;77.7778;66.6667;66.6667;77.7778;66.6667;55.5556;77.7778;77.7778;77.7778;77.7778;66.6667;66.6667;66.6667;77.7778;66.6667;66.6667;66.6667;66.6667;11.1111;77.7778;0.3627;0.5139;0.5876;0.3871;0.5513
44.4444;100;100;44.4444;44.4444;100;44.4444;77.7778;77.7778;66.6667;44.4444;77.7778;44.4444;77.7778;77.7778;44.4444;100;44.4444;66.6667;100;0;100;0;77.7778;-0.2373;-0.1563;-0.1263;-0.2765;-0.2536
66.6667;88.8889;0;44.4444;88.8889;66.6667;55.5556;100;77.7778;44.4444;55.5556;66.6667;77.7778;66.6667;77.7778;33.3333;33.3333;66.6667;44.4444;44.4444;55.5556;33.3333;100;44.4444;-0.1222;-0.1104;-0.1115;0.105;-0.0285
44.4444;55.5556;44.4444;44.4444;55.5556;44.4444;100;0;11.1111;33.3333;44.4444;33.3333;55.5556;44.4444;55.5556;44.4444;44.4444;55.5556;44.4444;44.4444;55.5556;100;100;100;-0.8709;-0.9068;-0.881;-0.9532;-0.8357
77.7778;100;100;77.7778;100;100;100;33.3333;77.7778;77.7778;100;100;100;100;77.7778;100;77.7778;55.5556;77.7778;77.7778;100;100;11.1111;77.7778;1.5621;1.4012;1.5502;1.4416;1.5225
77.7778;55.5556;100;55.5556;88.8889;66.6667;66.6667;44.4444;77.7778;22.2222;77.7778;77.7778;88.8889;66.6667;66.6667;55.5556;66.6667;77.7778;66.6667;66.6667;44.4444;77.7778;11.1111;66.6667;0.1622;0.0913;-0.0784;0.366;0.1369
77.7778;88.8889;66.6667;66.6667;88.8889;77.7778;22.2222;66.6667;100;77.7778;88.8889;66.6667;88.8889;88.8889;66.6667;77.7778;77.7778;77.7778;77.7778;77.7778;44.4444;100;44.4444;100;-0.2858;-0.2678;-0.2257;-0.3505;-0.3268
100;100;100;100;100;100;100;100;100;100;100;100;100;100;100;100;100;100;100;100;100;100;100;100;-0.4057;-0.3948;-0.4672;-0.4106;-0.3446
77.7778;88.8889;77.7778;66.6667;66.6667;77.7778;77.7778;66.6667;77.7778;66.6667;100;77.7778;77.7778;66.6667;77.7778;55.5556;77.7778;100;77.7778;77.7778;88.8889;77.7778;100;100;-1.3985;-1.3539;-1.2497;-1.4228;-1.4051
77.7778;88.8889;88.8889;77.7778;100;88.8889;88.8889;77.7778;88.8889;88.8889;100;88.8889;77.7778;88.8889;88.8889;0;88.8889;100;100;88.8889;66.6667;66.6667;22.2222;88.8889;1.1562;1.2261;0.9822;1.1052;1.314
100;77.7778;44.4444;77.7778;77.7778;77.7778;88.8889;77.7778;77.7778;77.7778;77.7778;77.7778;55.5556;100;77.7778;66.6667;100;77.7778;77.7778;77.7778;55.5556;100;55.5556;77.7778;-0.5608;-0.4281;-0.6374;-0.6382;-0.6631
100;88.8889;66.6667;100;100;88.8889;66.6667;66.6667;77.7778;66.6667;100;88.8889;77.7778;77.7778;88.8889;88.8889;55.5556;88.8889;77.7778;88.8889;100;77.7778;22.2222;100;-0.226;-0.343;-0.1285;-0.245;-0.2068
77.7778;88.8889;66.6667;77.7778;77.7778;77.7778;77.7778;66.6667;77.7778;77.7778;77.7778;88.8889;66.6667;77.7778;77.7778;66.6667;66.6667;77.7778;77.7778;66.6667;66.6667;100;100;100;-0.0397;-0.1563;0.0501;-0.0857;0.0107
44.4444;66.6667;44.4444;55.5556;66.6667;33.3333;77.7778;44.4444;44.4444;77.7778;55.5556;66.6667;66.6667;66.6667;55.5556;33.3333;44.4444;44.4444;44.4444;44.4444;66.6667;44.4444;0;55.5556;-1.5199;-1.5681;-1.4864;-1.5042;-1.4351
100;77.7778;77.7778;100;77.7778;66.6667;100;77.7778;88.8889;66.6667;66.6667;77.7778;77.7778;66.6667;66.6667;11.1111;77.7778;77.7778;77.7778;77.7778;77.7778;100;55.5556;77.7778;0.1388;0.1586;0.2609;0.2504;0.1202
100;100;100;100;100;100;100;100;100;100;100;100;100;100;100;100;100;100;100;100;100;100;11.1111;100;0.4688;0.2828;0.4464;0.5437;0.4834
44.4444;77.7778;44.4444;66.6667;66.6667;77.7778;77.7778;100;88.8889;77.7778;88.8889;88.8889;88.8889;88.8889;88.8889;88.8889;88.8889;100;77.7778;77.7778;88.8889;22.2222;33.3333;100;1.4988;1.4671;1.3779;1.3744;1.3589
44.4444;66.6667;77.7778;33.3333;44.4444;44.4444;77.7778;77.7778;44.4444;44.4444;33.3333;33.3333;66.6667;44.4444;44.4444;44.4444;33.3333;55.5556;44.4444;33.3333;11.1111;44.4444;44.4444;33.3333;-0.3347;-0.5931;-0.3349;-0.4702;-0.4348
77.7778;77.7778;44.4444;66.6667;66.6667;55.5556;55.5556;33.3333;77.7778;77.7778;77.7778;77.7778;77.7778;88.8889;77.7778;55.5556;66.6667;77.7778;77.7778;66.6667;55.5556;66.6667;33.3333;66.6667;3.063;2.9841;3.233;2.9973;2.885
77.7778;77.7778;0;55.5556;44.4444;22.2222;33.3333;77.7778;44.4444;77.7778;44.4444;77.7778;33.3333;33.3333;44.4444;44.4444;44.4444;66.6667;44.4444;100;66.6667;44.4444;11.1111;44.4444;-0.4084;-0.3747;-0.2552;-0.5639;-0.3976
66.6667;100;66.6667;77.7778;77.7778;66.6667;100;100;100;77.7778;66.6667;66.6667;88.8889;100;66.6667;44.4444;66.6667;77.7778;77.7778;55.5556;100;100;33.3333;100;-0.4865;-0.3608;-0.504;-0.5646;-0.4242
100;100;66.6667;88.8889;77.7778;77.7778;77.7778;100;88.8889;77.7778;100;88.8889;88.8889;88.8889;88.8889;77.7778;77.7778;88.8889;66.6667;77.7778;44.4444;100;55.5556;100;-0.5679;-0.5158;-0.8161;-0.5756;-0.6764
77.7778;77.7778;77.7778;77.7778;77.7778;77.7778;77.7778;77.7778;77.7778;55.5556;77.7778;77.7778;77.7778;77.7778;77.7778;44.4444;66.6667;77.7778;77.7778;77.7778;77.7778;77.7778;55.5556;77.7778;0.7653;0.8626;0.6994;0.7425;0.7332
44.4444;100;77.7778;100;100;66.6667;100;44.4444;77.7778;100;44.4444;77.7778;100;44.4444;44.4444;0;55.5556;77.7778;33.3333;77.7778;100;88.8889;22.2222;100;0.2201;0.2762;0.386;0.3037;0.3618
0;0;100;100;100;100;100;100;100;44.4444;100;100;100;0;100;44.4444;100;88.8889;100;66.6667;44.4444;100;55.5556;100;1.1661;1.1117;1.1734;1.2047;1.1659
88.8889;88.8889;66.6667;55.5556;66.6667;66.6667;77.7778;100;77.7778;88.8889;88.8889;77.7778;66.6667;77.7778;66.6667;55.5556;66.6667;77.7778;77.7778;66.6667;55.5556;66.6667;0;66.6667;1.2732;1.4038;1.3382;1.3814;1.2574
77.7778;77.7778;66.6667;77.7778;77.7778;88.8889;77.7778;88.8889;77.7778;66.6667;77.7778;77.7778;66.6667;77.7778;77.7778;55.5556;66.6667;66.6667;77.7778;66.6667;66.6667;77.7778;55.5556;66.6667;1.7715;1.7239;1.7759;1.8384;1.5801
77.7778;55.5556;55.5556;77.7778;55.5556;77.7778;77.7778;77.7778;88.8889;66.6667;55.5556;11.1111;55.5556;77.7778;100;66.6667;66.6667;77.7778;66.6667;66.6667;77.7778;0;55.5556;77.7778;0.7654;0.7719;0.784;0.6903;0.7441
77.7778;88.8889;88.8889;88.8889;88.8889;55.5556;66.6667;77.7778;77.7778;77.7778;77.7778;77.7778;88.8889;88.8889;77.7778;77.7778;77.7778;88.8889;77.7778;77.7778;77.7778;100;100;77.7778;0.5085;0.5767;0.466;0.3163;0.4309
44.4444;66.6667;22.2222;44.4444;55.5556;22.2222;22.2222;100;55.5556;55.5556;55.5556;77.7778;66.6667;55.5556;33.3333;33.3333;55.5556;66.6667;66.6667;55.5556;55.5556;22.2222;33.3333;77.7778;-0.1442;-0.1836;-0.2165;-0.223;-0.2635
66.6667;88.8889;66.6667;77.7778;77.7778;88.8889;66.6667;77.7778;77.7778;77.7778;66.6667;66.6667;77.7778;77.7778;77.7778;88.8889;55.5556;77.7778;66.6667;77.7778;77.7778;88.8889;66.6667;77.7778;-0.7282;-0.5982;-0.6938;-0.7061;-0.7621
77.7778;100;77.7778;100;77.7778;66.6667;77.7778;88.8889;88.8889;55.5556;77.7778;77.7778;77.7778;77.7778;77.7778;66.6667;77.7778;77.7778;66.6667;66.6667;66.6667;100;0;77.7778;-1.0338;-0.8867;-1.0639;-1.0617;-0.9172
77.7778;55.5556;66.6667;77.7778;66.6667;77.7778;66.6667;77.7778;66.6667;66.6667;77.7778;77.7778;77.7778;77.7778;66.6667;44.4444;55.5556;66.6667;66.6667;77.7778;55.5556;100;33.3333;66.6667;0.4576;0.425;0.4361;0.4364;0.5296
77.7778;88.8889;77.7778;66.6667;88.8889;77.7778;77.7778;66.6667;88.8889;88.8889;88.8889;88.8889;88.8889;77.7778;77.7778;55.5556;77.7778;88.8889;77.7778;88.8889;100;88.8889;0;100;1.1605;1.1523;1.1344;1.1113;1.256
55.5556;33.3333;55.5556;66.6667;44.4444;66.6667;55.5556;66.6667;55.5556;44.4444;66.6667;88.8889;55.5556;66.6667;66.6667;77.7778;44.4444;77.7778;55.5556;11.1111;55.5556;55.5556;11.1111;44.4444;-0.7585;-0.7704;-0.8671;-0.6041;-0.6915
77.7778;88.8889;66.6667;44.4444;100;66.6667;100;100;66.6667;77.7778;33.3333;55.5556;33.3333;33.3333;0;11.1111;0;77.7778;22.2222;22.2222;11.1111;100;11.1111;100;-0.9524;-0.8075;-1.0196;-0.9102;-1.0882
66.6667;66.6667;100;77.7778;100;22.2222;100;100;100;44.4444;55.5556;100;100;77.7778;100;44.4444;66.6667;77.7778;77.7778;100;77.7778;44.4444;11.1111;44.4444;1.462;1.3819;1.3241;1.5819;1.3945
100;77.7778;77.7778;100;100;77.7778;100;100;100;66.6667;100;100;100;100;88.8889;66.6667;66.6667;77.7778;77.7778;77.7778;100;100;11.1111;100;-0.6836;-0.6479;-0.6056;-0.7002;-0.6615
44.4444;33.3333;55.5556;77.7778;77.7778;66.6667;88.8889;77.7778;66.6667;22.2222;77.7778;77.7778;77.7778;66.6667;66.6667;55.5556;77.7778;66.6667;55.5556;55.5556;22.2222;88.8889;100;66.6667;0.1037;0.1936;0.2074;0.0994;0.0686
77.7778;77.7778;44.4444;100;88.8889;22.2222;66.6667;77.7778;77.7778;44.4444;77.7778;77.7778;66.6667;77.7778;66.6667;44.4444;77.7778;77.7778;55.5556;66.6667;44.4444;77.7778;55.5556;77.7778;0.3478;0.2011;0.3558;0.4306;0.4505
77.7778;44.4444;66.6667;22.2222;66.6667;88.8889;77.7778;44.4444;77.7778;33.3333;55.5556;55.5556;66.6667;44.4444;33.3333;44.4444;66.6667;77.7778;55.5556;66.6667;88.8889;66.6667;55.5556;77.7778;-0.3418;-0.3667;-0.2473;-0.2571;-0.3156
55.5556;66.6667;66.6667;55.5556;66.6667;55.5556;66.6667;100;55.5556;22.2222;66.6667;66.6667;66.6667;66.6667;66.6667;55.5556;55.5556;66.6667;55.5556;55.5556;55.5556;77.7778;100;55.5556;-1.4165;-1.3243;-1.2585;-1.3804;-1.4171
44.4444;100;0;44.4444;100;77.7778;77.7778;100;100;100;100;77.7778;100;100;100;100;100;77.7778;77.7778;100;44.4444;100;22.2222;100;1.4041;1.2814;1.4876;1.4145;1.2448
77.7778;77.7778;33.3333;88.8889;77.7778;66.6667;66.6667;66.6667;88.8889;88.8889;77.7778;88.8889;77.7778;77.7778;66.6667;66.6667;77.7778;77.7778;66.6667;77.7778;77.7778;77.7778;55.5556;88.8889;-1.4042;-1.5865;-1.5296;-1.4974;-1.4312
55.5556;66.6667;44.4444;77.7778;55.5556;77.7778;66.6667;77.7778;77.7778;66.6667;66.6667;66.6667;77.7778;66.6667;88.8889;44.4444;44.4444;66.6667;66.6667;33.3333;100;44.4444;88.8889;66.6667;-1.1836;-1.0748;-1.0658;-1.3204;-1.2178
88.8889;100;77.7778;88.8889;100;77.7778;77.7778;88.8889;88.8889;88.8889;88.8889;88.8889;77.7778;88.8889;88.8889;44.4444;77.7778;100;88.8889;77.7778;88.8889;0;44.4444;100;-2.047;-2.1051;-2.0604;-2.0452;-2.0102
77.7778;100;66.6667;77.7778;77.7778;66.6667;100;100;77.7778;100;77.7778;77.7778;44.4444;100;77.7778;77.7778;66.6667;100;77.7778;66.6667;44.4444;44.4444;77.7778;44.4444;-0.5633;-0.4889;-0.4804;-0.7119;-0.6515
100;55.5556;55.5556;77.7778;100;77.7778;66.6667;66.6667;55.5556;44.4444;88.8889;88.8889;77.7778;88.8889;77.7778;100;100;77.7778;88.8889;100;100;33.3333;100;100;0.5138;0.5328;0.5198;0.6376;0.5622
88.8889;77.7778;66.6667;77.7778;66.6667;88.8889;66.6667;100;77.7778;66.6667;88.8889;66.6667;88.8889;88.8889;66.6667;66.6667;66.6667;77.7778;88.8889;66.6667;55.5556;88.8889;44.4444;77.7778;-0.9725;-0.8039;-0.8481;-0.8777;-1.0019
66.6667;66.6667;66.6667;66.6667;66.6667;66.6667;66.6667;100;66.6667;44.4444;66.6667;66.6667;88.8889;66.6667;66.6667;66.6667;66.6667;77.7778;100;66.6667;44.4444;100;100;100;-2.3612;-2.1871;-2.6047;-2.5666;-2.3047
77.7778;77.7778;100;77.7778;66.6667;77.7778;77.7778;66.6667;77.7778;66.6667;11.1111;66.6667;66.6667;77.7778;66.6667;55.5556;66.6667;77.7778;66.6667;66.6667;33.3333;44.4444;11.1111;66.6667;1.8691;1.9207;1.7878;1.8753;1.8892
77.7778;77.7778;66.6667;66.6667;88.8889;66.6667;55.5556;100;88.8889;77.7778;77.7778;66.6667;66.6667;66.6667;77.7778;55.5556;55.5556;77.7778;66.6667;66.6667;44.4444;77.7778;11.1111;66.6667;-0.6233;-0.6619;-0.5239;-0.6465;-0.6757
44.4444;66.6667;77.7778;66.6667;77.7778;44.4444;100;44.4444;44.4444;22.2222;44.4444;33.3333;44.4444;33.3333;33.3333;44.4444;11.1111;66.6667;44.4444;55.5556;66.6667;77.7778;77.7778;55.5556;1.1993;1.1507;1.2487;1.4149;1.1451
100;100;100;100;77.7778;100;66.6667;100;88.8889;77.7778;77.7778;88.8889;88.8889;100;88.8889;44.4444;77.7778;77.7778;66.6667;77.7778;77.7778;100;0;100;0.7979;0.7509;0.8879;0.8599;0.8054
77.7778;77.7778;77.7778;77.7778;77.7778;77.7778;77.7778;77.7778;77.7778;66.6667;77.7778;77.7778;77.7778;77.7778;77.7778;77.7778;77.7778;77.7778;77.7778;66.6667;77.7778;22.2222;44.4444;66.6667;0.0406;0.0041;0.0435;0.0751;-0.1097
66.6667;77.7778;44.4444;66.6667;66.6667;55.5556;66.6667;44.4444;66.6667;33.3333;66.6667;44.4444;55.5556;66.6667;55.5556;55.5556;55.5556;44.4444;44.4444;55.5556;66.6667;33.3333;11.1111;55.5556;-0.1274;-0.0638;-0.2045;-0.0208;-0.2253
100;88.8889;88.8889;100;100;100;100;77.7778;100;66.6667;100;100;100;100;100;100;100;100;100;100;100;100;100;100;0.2979;0.255;0.4761;0.2334;0.4862
66.6667;77.7778;55.5556;77.7778;77.7778;44.4444;66.6667;88.8889;88.8889;88.8889;77.7778;100;88.8889;100;77.7778;77.7778;77.7778;77.7778;55.5556;77.7778;66.6667;88.8889;44.4444;77.7778;1.3481;1.249;1.3466;1.3635;1.3556
77.7778;33.3333;22.2222;66.6667;77.7778;0;100;0;55.5556;11.1111;22.2222;44.4444;33.3333;66.6667;11.1111;0;0;66.6667;33.3333;0;33.3333;55.5556;44.4444;66.6667;0.5983;0.5553;0.5721;0.5521;0.6061
55.5556;66.6667;44.4444;55.5556;88.8889;55.5556;66.6667;44.4444;66.6667;11.1111;55.5556;55.5556;66.6667;55.5556;33.3333;44.4444;55.5556;66.6667;55.5556;55.5556;11.1111;66.6667;22.2222;44.4444;-1.2372;-1.2877;-1.1454;-1.1966;-1.3037
88.8889;88.8889;77.7778;77.7778;77.7778;66.6667;77.7778;88.8889;77.7778;88.8889;77.7778;77.7778;77.7778;77.7778;77.7778;66.6667;66.6667;77.7778;66.6667;66.6667;66.6667;100;33.3333;77.7778;-0.0654;-0.0236;-0.1105;-0.1617;-0.1711
44.4444;44.4444;88.8889;100;88.8889;100;100;88.8889;100;44.4444;88.8889;22.2222;22.2222;88.8889;88.8889;0;44.4444;88.8889;100;77.7778;100;100;22.2222;77.7778;-2.1727;-2.2004;-2.3068;-2.2228;-2.2056
100;100;100;100;100;77.7778;100;66.6667;100;77.7778;100;100;100;100;77.7778;66.6667;100;100;44.4444;100;44.4444;0;55.5556;100;0.4411;0.4067;0.4231;0.5441;0.5117
88.8889;88.8889;100;88.8889;77.7778;88.8889;88.8889;77.7778;100;77.7778;100;88.8889;100;88.8889;100;55.5556;66.6667;77.7778;100;77.7778;44.4444;0;55.5556;100;1.1435;0.9505;1.1668;1.0498;1.1811
100;100;66.6667;0;100;100;100;100;100;100;88.8889;100;100;100;77.7778;100;88.8889;88.8889;88.8889;77.7778;66.6667;100;22.2222;100;0.7807;0.6785;0.6775;0.7472;0.844
77.7778;77.7778;66.6667;55.5556;77.7778;66.6667;55.5556;66.6667;66.6667;55.5556;66.6667;77.7778;55.5556;77.7778;77.7778;33.3333;55.5556;55.5556;55.5556;66.6667;100;44.4444;100;44.4444;-0.9786;-1.0449;-1.0016;-0.9755;-0.8805
55.5556;77.7778;44.4444;33.3333;77.7778;100;77.7778;55.5556;22.2222;88.8889;66.6667;77.7778;66.6667;44.4444;44.4444;44.4444;44.4444;55.5556;44.4444;66.6667;0;66.6667;0;55.5556;-1.549;-1.5797;-1.4234;-1.615;-1.3063
100;100;0;100;100;100;100;100;100;100;100;100;100;100;100;44.4444;100;100;100;100;100;100;44.4444;100;-0.0671;-0.0794;-0.0119;-0.0636;0.0386
77.7778;100;66.6667;100;77.7778;100;100;100;100;100;77.7778;100;77.7778;100;100;100;100;100;100;77.7778;0;100;22.2222;100;0.7323;0.6937;0.6554;0.8483;0.5967
77.7778;66.6667;77.7778;66.6667;66.6667;77.7778;77.7778;66.6667;66.6667;44.4444;77.7778;66.6667;88.8889;77.7778;88.8889;44.4444;55.5556;77.7778;66.6667;55.5556;66.6667;100;11.1111;88.8889;-0.6581;-0.4492;-0.4766;-0.633;-0.576
77.7778;55.5556;77.7778;77.7778;100;88.8889;88.8889;88.8889;66.6667;66.6667;66.6667;88.8889;88.8889;77.7778;88.8889;55.5556;66.6667;100;77.7778;77.7778;100;77.7778;55.5556;88.8889;0.4373;0.4321;0.3724;0.3082;0.2813
77.7778;77.7778;77.7778;77.7778;55.5556;77.7778;77.7778;77.7778;77.7778;88.8889;88.8889;77.7778;77.7778;88.8889;88.8889;44.4444;66.6667;77.7778;66.6667;88.8889;66.6667;0;100;88.8889;1.3126;1.3655;1.2993;1.227;1.3617
77.7778;66.6667;55.5556;88.8889;77.7778;66.6667;77.7778;66.6667;88.8889;55.5556;88.8889;88.8889;77.7778;66.6667;100;77.7778;66.6667;66.6667;100;100;100;100;100;77.7778;-0.3962;-0.4126;-0.474;-0.5219;-0.3222
66.6667;11.1111;33.3333;55.5556;77.7778;77.7778;66.6667;55.5556;44.4444;0;77.7778;44.4444;44.4444;22.2222;77.7778;33.3333;33.3333;77.7778;77.7778;77.7778;33.3333;55.5556;77.7778;77.7778;1.0233;1.1922;0.8441;1.0399;1.045
44.4444;22.2222;55.5556;33.3333;66.6667;55.5556;44.4444;77.7778;66.6667;22.2222;55.5556;66.6667;55.5556;77.7778;55.5556;22.2222;44.4444;66.6667;44.4444;44.4444;44.4444;77.7778;100;77.7778;-0.5889;-0.6843;-0.5073;-0.4166;-0.5853
100;66.6667;77.7778;66.6667;77.7778;77.7778;66.6667;66.6667;66.6667;44.4444;66.6667;66.6667;55.5556;55.5556;66.6667;44.4444;44.4444;77.7778;55.5556;77.7778;77.7778;100;55.5556;77.7778;-0.1604;-0.0702;-0.2101;-0.2366;-0.1192
44.4444;44.4444;44.4444;66.6667;44.4444;44.4444;44.4444;77.7778;66.6667;33.3333;88.8889;66.6667;44.4444;77.7778;77.7778;66.6667;66.6667;55.5556;55.5556;33.3333;44.4444;0;11.1111;0;-1.1935;-1.2329;-1.3315;-1.2835;-1.3341
77.7778;66.6667;77.7778;88.8889;88.8889;77.7778;88.8889;77.7778;77.7778;55.5556;88.8889;88.8889;88.8889;77.7778;88.8889;88.8889;88.8889;66.6667;77.7778;88.8889;77.7778;100;100;100;0.0889;0.0925;0.0891;0.0073;0.0956
66.6667;77.7778;77.7778;77.7778;77.7778;77.7778;77.7778;55.5556;100;88.8889;66.6667;66.6667;88.8889;66.6667;100;66.6667;88.8889;100;100;66.6667;77.7778;77.7778;11.1111;100;-1.0069;-1.0477;-0.9849;-0.9896;-0.8542
88.8889;77.7778;88.8889;66.6667;88.8889;77.7778;88.8889;22.2222;77.7778;77.7778;66.6667;77.7778;77.7778;77.7778;77.7778;66.6667;66.6667;66.6667;77.7778;66.6667;66.6667;88.8889;66.6667;77.7778;-0.4699;-0.7224;-0.4012;-0.346;-0.5071
100;66.6667;44.4444;77.7778;44.4444;44.4444;44.4444;100;100;44.4444;100;77.7778;55.5556;44.4444;100;100;77.7778;77.7778;77.7778;100;66.6667;44.4444;11.1111;100;0.6685;0.728;0.6864;0.5846;0.8195
44.4444;66.6667;55.5556;66.6667;77.7778;66.6667;66.6667;77.7778;66.6667;66.6667;44.4444;66.6667;66.6667;66.6667;55.5556;66.6667;66.6667;77.7778;66.6667;44.4444;44.4444;77.7778;55.5556;44.4444;-0.7084;-0.6389;-0.639;-0.7253;-0.717
88.8889;66.6667;77.7778;77.7778;77.7778;66.6667;66.6667;66.6667;77.7778;66.6667;66.6667;77.7778;77.7778;77.7778;77.7778;66.6667;66.6667;66.6667;66.6667;66.6667;66.6667;0;55.5556;66.6667;-0.8289;-0.8753;-0.785;-0.765;-0.8298
44.4444;77.7778;44.4444;77.7778;77.7778;44.4444;44.4444;88.8889;88.8889;77.7778;44.4444;77.7778;77.7778;77.7778;44.4444;22.2222;55.5556;77.7778;44.4444;55.5556;77.7778;77.7778;33.3333;66.6667;0.0459;-0.0513;-0.0157;0.1357;0.1097
77.7778;66.6667;55.5556;77.7778;66.6667;66.6667;55.5556;55.5556;77.7778;66.6667;55.5556;66.6667;66.6667;77.7778;66.6667;77.7778;88.8889;77.7778;66.6667;77.7778;55.5556;88.8889;22.2222;77.7778;-0.041;-0.0452;0.0425;-0.043;-0.1669
55.5556;55.5556;44.4444;66.6667;66.6667;55.5556;55.5556;33.3333;33.3333;33.3333;77.7778;55.5556;66.6667;33.3333;44.4444;66.6667;55.5556;55.5556;55.5556;55.5556;66.6667;55.5556;55.5556;44.4444;0.3418;0.1843;0.2567;0.2891;0.3655
66.6667;88.8889;22.2222;33.3333;88.8889;44.4444;44.4444;22.2222;66.6667;66.6667;33.3333;77.7778;77.7778;66.6667;33.3333;11.1111;55.5556;77.7778;88.8889;44.4444;44.4444;0;11.1111;44.4444;-1.4412;-1.2586;-1.4564;-1.5233;-1.4509
77.7778;77.7778;77.7778;77.7778;100;66.6667;66.6667;22.2222;77.7778;66.6667;77.7778;66.6667;77.7778;77.7778;77.7778;77.7778;77.7778;66.6667;66.6667;77.7778;77.7778;100;55.5556;100;0.3533;0.3618;0.2814;0.4067;0.3577
77.7778;88.8889;88.8889;88.8889;77.7778;88.8889;77.7778;88.8889;100;66.6667;77.7778;88.8889;77.7778;88.8889;88.8889;44.4444;44.4444;88.8889;88.8889;77.7778;77.7778;88.8889;11.1111;88.8889;-0.4855;-0.3636;-0.4798;-0.4776;-0.5785
66.6667;66.6667;77.7778;77.7778;77.7778;77.7778;88.8889;66.6667;88.8889;88.8889;77.7778;77.7778;88.8889;77.7778;66.6667;55.5556;55.5556;77.7778;88.8889;77.7778;55.5556;88.8889;11.1111;88.8889;0.4954;0.4267;0.6635;0.6864;0.6158
11.1111;22.2222;33.3333;22.2222;44.4444;33.3333;22.2222;22.2222;33.3333;22.2222;11.1111;22.2222;22.2222;22.2222;33.3333;22.2222;22.2222;33.3333;22.2222;33.3333;44.4444;0;22.2222;22.2222;0.2786;0.266;0.2972;0.139;0.2979
44.4444;66.6667;66.6667;77.7778;44.4444;66.6667;66.6667;66.6667;66.6667;55.5556;77.7778;100;66.6667;77.7778;66.6667;44.4444;44.4444;66.6667;77.7778;44.4444;77.7778;66.6667;33.3333;44.4444;-1.3427;-1.4173;-1.5378;-1.3011;-1.2622
77.7778;66.6667;66.6667;100;88.8889;77.7778;100;44.4444;77.7778;66.6667;77.7778;100;88.8889;77.7778;22.2222;55.5556;77.7778;88.8889;66.6667;77.7778;77.7778;100;0;100;0.3231;0.3276;0.2357;0.2301;0.2669
77.7778;77.7778;88.8889;88.8889;88.8889;77.7778;66.6667;66.6667;77.7778;66.6667;88.8889;100;77.7778;77.7778;66.6667;66.6667;66.6667;77.7778;77.7778;77.7778;77.7778;88.8889;44.4444;88.8889;-1.569;-1.5698;-1.5108;-1.6261;-1.386
66.6667;66.6667;88.8889;66.6667;77.7778;77.7778;55.5556;44.4444;66.6667;77.7778;66.6667;77.7778;77.7778;66.6667;77.7778;22.2222;44.4444;77.7778;44.4444;55.5556;77.7778;66.6667;33.3333;66.6667;0.0232;-0.1934;0.013;0.0886;-0.013
77.7778;44.4444;77.7778;44.4444;77.7778;100;77.7778;44.4444;66.6667;44.4444;66.6667;66.6667;66.6667;66.6667;44.4444;33.3333;44.4444;66.6667;77.7778;100;100;22.2222;0;100;0.6105;0.5913;0.8167;0.5704;0.4901
77.7778;55.5556;77.7778;100;100;66.6667;55.5556;100;66.6667;22.2222;77.7778;77.7778;77.7778;77.7778;66.6667;66.6667;55.5556;77.7778;66.6667;66.6667;0;100;55.5556;66.6667;0.0553;0.1287;0.0401;-0.0531;0.0076
66.6667;33.3333;66.6667;77.7778;66.6667;55.5556;66.6667;55.5556;55.5556;44.4444;66.6667;66.6667;77.7778;44.4444;66.6667;0;33.3333;55.5556;66.6667;44.4444;66.6667;33.3333;33.3333;44.4444;-2.1319;-2.0278;-2.1371;-2.3816;-2.2416
100;77.7778;88.8889;88.8889;100;77.7778;100;55.5556;66.6667;66.6667;77.7778;88.8889;100;100;88.8889;77.7778;66.6667;77.7778;88.8889;88.8889;66.6667;88.8889;100;77.7778;-0.5378;-0.6644;-0.3709;-0.5229;-0.5422
77.7778;77.7778;44.4444;66.6667;66.6667;66.6667;55.5556;55.5556;77.7778;55.5556;66.6667;77.7778;66.6667;66.6667;77.7778;11.1111;33.3333;77.7778;66.6667;55.5556;44.4444;77.7778;77.7778;44.4444;-0.9381;-1.0076;-0.9418;-0.8767;-1.055
100;100;100;100;100;100;100;100;100;66.6667;100;100;100;100;100;100;100;100;100;100;100;100;100;100;-1.1642;-1.1433;-1.3861;-1.2178;-1.3496
44.4444;77.7778;55.5556;55.5556;66.6667;44.4444;0;66.6667;66.6667;66.6667;33.3333;66.6667;77.7778;66.6667;33.3333;33.3333;44.4444;55.5556;44.4444;44.4444;33.3333;11.1111;22.2222;22.2222;-0.9172;-0.865;-0.7828;-0.9657;-0.7932
77.7778;77.7778;44.4444;77.7778;77.7778;77.7778;77.7778;44.4444;77.7778;77.7778;77.7778;77.7778;77.7778;77.7778;44.4444;44.4444;77.7778;88.8889;44.4444;77.7778;44.4444;44.4444;33.3333;44.4444;-0.481;-0.3467;-0.4314;-0.4476;-0.6593
100;44.4444;77.7778;88.8889;88.8889;77.7778;88.8889;44.4444;66.6667;44.4444;88.8889;100;100;100;100;88.8889;88.8889;88.8889;88.8889;77.7778;88.8889;100;44.4444;77.7778;-0.188;-0.4003;-0.3334;-0.2082;-0.1249
66.6667;66.6667;66.6667;55.5556;77.7778;77.7778;66.6667;44.4444;66.6667;77.7778;55.5556;66.6667;77.7778;66.6667;77.7778;77.7778;77.7778;66.6667;66.6667;66.6667;55.5556;77.7778;22.2222;66.6667;-1.1192;-1.1504;-1.2831;-1.2351;-1.0199
44.4444;77.7778;0;66.6667;0;44.4444;66.6667;88.8889;55.5556;44.4444;22.2222;55.5556;44.4444;66.6667;22.2222;22.2222;55.5556;66.6667;55.5556;44.4444;66.6667;44.4444;22.2222;44.4444;0.546;0.4385;0.5419;0.4646;0.4334
44.4444;66.6667;66.6667;66.6667;77.7778;66.6667;66.6667;44.4444;66.6667;66.6667;66.6667;66.6667;66.6667;66.6667;66.6667;66.6667;66.6667;44.4444;66.6667;66.6667;66.6667;66.6667;100;66.6667;-0.1374;-0.2923;-0.1981;-0.1656;-0.2722
77.7778;55.5556;33.3333;44.4444;66.6667;55.5556;44.4444;77.7778;77.7778;66.6667;55.5556;66.6667;77.7778;55.5556;66.6667;44.4444;66.6667;77.7778;55.5556;66.6667;77.7778;88.8889;22.2222;77.7778;-0.585;-0.515;-0.6204;-0.5797;-0.5879
55.5556;66.6667;77.7778;66.6667;66.6667;77.7778;77.7778;55.5556;66.6667;55.5556;55.5556;66.6667;55.5556;66.6667;55.5556;33.3333;55.5556;77.7778;66.6667;55.5556;66.6667;22.2222;100;77.7778;-1.7576;-1.6725;-1.8535;-1.7218;-1.9424
44.4444;88.8889;55.5556;77.7778;55.5556;88.8889;77.7778;44.4444;44.4444;0;33.3333;44.4444;77.7778;55.5556;44.4444;77.7778;55.5556;77.7778;33.3333;33.3333;0;11.1111;44.4444;0;-1.0128;-0.9957;-0.9877;-1.0363;-0.8862
55.5556;77.7778;77.7778;66.6667;66.6667;55.5556;66.6667;66.6667;66.6667;66.6667;77.7778;66.6667;55.5556;55.5556;66.6667;44.4444;66.6667;77.7778;77.7778;77.7778;100;33.3333;100;88.8889;-0.3916;-0.3535;-0.383;-0.4304;-0.3255
88.8889;66.6667;100;100;100;33.3333;100;66.6667;77.7778;66.6667;100;100;100;66.6667;88.8889;77.7778;66.6667;88.8889;100;100;77.7778;100;55.5556;100;0.7642;1.0657;0.8102;0.6825;0.7293
0;100;0;0;100;100;100;100;88.8889;77.7778;88.8889;100;77.7778;100;44.4444;0;0;100;77.7778;44.4444;0;100;55.5556;100;-0.7411;-0.566;-0.6463;-0.808;-0.7157
100;77.7778;44.4444;100;77.7778;77.7778;77.7778;0;77.7778;100;77.7778;100;77.7778;100;100;44.4444;44.4444;100;77.7778;100;100;100;11.1111;100;0.8608;0.9868;0.7751;0.9269;0.8135
100;88.8889;66.6667;100;100;100;100;77.7778;77.7778;77.7778;100;77.7778;100;88.8889;88.8889;44.4444;77.7778;77.7778;66.6667;100;100;100;100;100;-0.3313;-0.2158;-0.2099;-0.4394;-0.3919
44.4444;66.6667;88.8889;44.4444;66.6667;44.4444;66.6667;44.4444;66.6667;100;100;66.6667;66.6667;77.7778;44.4444;66.6667;44.4444;66.6667;55.5556;66.6667;77.7778;66.6667;100;77.7778;0.0478;0.1168;0.0971;-0.0736;-0.1459
66.6667;44.4444;44.4444;66.6667;66.6667;66.6667;66.6667;66.6667;66.6667;44.4444;66.6667;55.5556;55.5556;55.5556;33.3333;44.4444;77.7778;44.4444;55.5556;44.4444;77.7778;0;100;44.4444;-0.2457;-0.3025;-0.0259;-0.1247;-0.3334
66.6667;100;22.2222;88.8889;77.7778;88.8889;88.8889;88.8889;88.8889;88.8889;88.8889;100;77.7778;77.7778;77.7778;44.4444;44.4444;88.8889;77.7778;77.7778;100;44.4444;55.5556;88.8889;0.5924;0.6016;0.4822;0.6846;0.7019
66.6667;77.7778;44.4444;77.7778;77.7778;77.7778;77.7778;66.6667;77.7778;66.6667;55.5556;77.7778;88.8889;66.6667;88.8889;77.7778;77.7778;77.7778;66.6667;77.7778;77.7778;66.6667;100;77.7778;-1.1702;-1.1317;-1.1789;-1.1219;-1.2702
77.7778;77.7778;55.5556;77.7778;66.6667;66.6667;55.5556;66.6667;66.6667;55.5556;55.5556;77.7778;66.6667;55.5556;66.6667;44.4444;44.4444;77.7778;44.4444;66.6667;11.1111;66.6667;66.6667;66.6667;-0.8163;-0.9259;-0.8846;-0.6881;-0.9121
77.7778;100;77.7778;88.8889;88.8889;100;77.7778;44.4444;88.8889;100;100;77.7778;77.7778;77.7778;88.8889;44.4444;88.8889;66.6667;77.7778;77.7778;88.8889;100;22.2222;100;0.6523;0.6004;0.6583;0.5995;0.7121