"y1","y2","y3","y4","y5","y6","y7","y8","y9","y10","y11","y12","y13","y14","y15","y16","y17","y18"
-0.362885158106318,-1.24149239226844,-1.55580736992011,-2.2699649723094,-2.16521427748749,-1.70492169253154,-0.41458400308472,-1.61557111433931,-0.67028435999843,-0.675098221391218,-0.713044045378788,-0.115044404589356,-1.30410491328705,-1.21745619925021,-0.911088498299695,-1.48198721497144,0.105618179139186,-1.07586201142439
-1.97329529347131,-1.14136325730155,0.271382215499682,-0.167862760912787,-0.914626329840219,-0.36237557481033,-0.283567052248769,-0.556686517794795,0.00285089921562449,-0.0888749441949078,0.101874803354891,-0.990378863155996,-0.82173739833465,-2.49144709752493,0.726060244432497,-0.37757436053601,-0.16660802778022,-1.14901809611494
0.459203047639413,0.416433920182769,0.0780481429494743,-1.25315745292954,-0.0366010877494955,2.3562780811794,-0.0672865294763236,0.464013202793349,0.840711628239697,-0.280638199085868,0.605074957849027,0.632200077037898,0.112616433431896,0.764790890226291,-0.028488575878196,1.46705534403564,0.074403746329728,-0.0968181953564661
0.730861134152549,-0.246650283903914,0.217062540468257,2.12192723482132,2.19021878824474,-0.026862784784459,0.863159367853882,0.905709843607148,0.701575741750996,1.25127868071418,1.08020730386186,1.79161604010477,0.767597291612595,0.436585978971177,0.65451641630171,0.227243416380714,0.7333520383891,0.0534922544285682
0.0785682744655254,2.02851598018344,0.895281065162441,0.215034025482393,-0.383369662661062,0.880605861801229,0.521672563165393,1.78810726738627,-1.19777583276824,0.270674935016246,0.273518075737182,1.65000431510686,-0.658337533040156,0.337945921981171,1.53274877554414,0.584474830076344,-1.47228419808151,1.27010701440153
0.618464576712758,0.47237394620382,0.75444274626385,0.9007740360588,-0.77277181415669,0.895847410795004,-0.809800565751078,-1.51738538546752,0.268469901721434,-0.451092438285383,-0.206828656863221,-1.21588003872636,-0.544976024799351,1.05505799298964,-0.849132431651527,-0.362032707805833,0.302764343850058,-0.587998248515498
0.242709748622153,-0.574358507606949,0.635726932023377,1.48426196852644,0.898401084399847,0.351600510461571,0.352020603697409,-0.96790666693625,-0.703441751449991,0.494647862201653,0.61874409606307,1.58002716219463,-0.773703400187266,-1.21177832555371,-0.889522975856474,-0.998458225993367,-0.173634438728549,-0.732573772020213
-1.24622089747034,-2.23872978601382,-0.850361925156487,0.710206692290382,0.619056741187364,-0.887937655417292,-0.2253190897314,-0.908279980858953,-0.786867176285003,-0.370940882638515,-0.550534251824334,-0.327836180148337,-0.13402232938881,0.822592147180858,-0.837362028593033,-1.81267719135151,-0.206892742787784,-1.11788288223843
-1.49474284682818,-0.952182673400655,-2.36907718784777,-1.80095312021798,-1.27072561676571,-2.3433060327055,0.282758679367714,-1.09766309039334,-1.24841426997953,-0.556272870878414,-0.238019326862144,-1.88964329517995,-0.792921445151643,-1.40593676827094,-1.0171414150244,-0.877901381787809,1.30218490090181,-1.58348490189612
-0.186202445041411,-0.381109643601852,-1.23173190145928,-1.1310179202099,-0.06631219470643,0.611855698022102,0.16418056516805,2.02020769159135,-1.09546492893626,0.0324348739753837,0.0713482975178663,0.110781277869458,-0.147881574719319,-1.0690395579049,-0.790710350481667,0.936698514376,1.07889914785376,-0.314047211645446
1.82690936295552,-0.139662724777283,0.139923594696566,0.921398162576234,-0.206891303190132,-0.359527271095845,1.91530444471837,0.283543041764694,0.488975771108062,0.318437333424812,-0.111207858844488,0.808565525925091,2.65333948599508,2.69247521807032,0.213508217971012,-0.256503404354554,1.83098284697008,-0.178977355175965
-1.55534142549942,0.813972767326212,-0.995263529751354,0.569936308690381,1.90732165068275,-0.544484846614835,-0.214211901296744,-0.42806225397799,0.127222696804638,1.45904186875174,0.65210212199633,1.23639157327707,0.367204650113078,-2.04918026553964,-0.758873479527113,0.365427096192447,1.41719138262282,-2.00936188869631
-0.67032845940122,-0.403669346163707,0.770931078776878,-1.30762958045811,-0.865752456735387,-1.75271236586021,-0.797965825369747,-1.58403210042505,-0.325323189983373,-0.220151835370029,-1.03998417092049,-1.77802347322987,-1.19628344940002,0.1006177527634,-0.575494059465056,-2.35471027400767,1.05625695118308,-2.05448381645278
1.63934101739206,-0.629878668759561,0.26781221546507,-1.11801142946789,0.613894943831644,-0.273014954091936,0.264482845891041,0.793079950005922,-0.436240670532846,-1.24566568648274,0.207318685144066,-0.721519526763907,0.75767892103634,-0.369653717608271,-0.256645743555316,-0.850732210944869,0.144730643329167,-0.987025490387077
0.523030192944615,-0.093073254857425,1.26193471153795,1.06062817069684,0.736616226239743,0.55193435023045,0.116883524300792,1.55553431779724,-1.46040515008732,-0.95670896078336,0.163894485121959,-0.21081318934028,0.814257480374565,1.59033705966686,2.45048072134474,1.00184795699937,1.52696236459312,-1.96530603406631
-0.581670913130964,-0.728013155258093,-0.298563592533989,0.129125925312682,1.14981883378176,1.61113588069683,1.73592759020947,-0.0710513592982927,-0.420992620960723,0.536319129247101,1.76280417074902,-0.415967730532898,2.09039912937244,1.24731951430028,1.58133326488169,1.48070744459848,0.627221901324789,-0.473615208114939
1.31766245845192,1.39838535571162,0.448550374197897,1.92015786509467,0.134382199101722,0.539303852223372,2.13655538063563,-1.40427057488649,0.035884212146222,-0.226859001915304,1.78592069286636,2.15501782459384,1.56412471852744,2.65748787401196,0.729324654011867,-1.15115784095323,0.789079001869131,0.150856685956377
0.329708220311993,-0.0174168708197794,0.20966607060096,0.806385888295963,1.55633380829718,1.89192983912625,1.13601098690244,-0.194529080755107,1.01356973121524,0.0164456305183908,0.511834161416562,-0.420565265983654,-0.422557764712232,0.0756593640428103,1.7097888863351,0.967731070605961,-0.774935558926677,2.88631392655716
-0.083858348276788,-0.633529963337135,-0.151289772344336,-1.66976693943565,2.38574032499698,-0.871778650798832,0.0201419610492722,0.11240707871183,-0.178738449076921,0.0791235877674992,-1.35710159845621,0.280169776106437,-0.244463840917766,1.23433768735033,-0.37186996212323,0.885623196676173,-0.609053857247054,0.595530910515473
-0.278117739921517,-0.18300350261508,-1.24561635210148,0.754601864060492,0.912958068351743,-0.891582783765153,-2.42254738353258,-0.763106328215532,-1.38757176097621,-0.0865616247300659,1.18385247071169,0.562690927979694,-0.668796428895014,0.833944967393784,1.91150506489739,-0.464713664071166,1.05121142731678,-0.786003836651437
1.62914335165251,1.10258453938843,0.348657866738511,-0.44201324036771,0.055128012611188,-0.984599928225253,-0.252699326890356,0.37951984037216,0.0304894403184902,-0.96612831781569,-0.959195039139386,0.520492452578342,0.692318222004588,0.683392748749112,0.65667012777464,1.22246160573286,-0.605271654053474,1.74013603678252
0.730924002323984,-0.289442894508908,1.60712906361959,1.74900995465162,-0.135100903555995,-1.06681000407239,0.673729529623496,0.31554969407613,1.04715739495649,1.21488313561109,1.15466524263442,1.11999283716479,0.206573984907395,1.59671821078614,-0.484465215648564,0.327618697693419,0.719837118706457,0.704863824014512
-0.994560012371472,-2.20541796661578,-0.663455252632061,-1.22915940972317,1.12182906544949,2.13532696166451,-1.2517305621357,0.816225115505202,0.498110387086188,0.634424979098058,-1.76594181546576,-0.109202313289807,1.53064559203821,0.785288526221512,-0.706154538759162,1.38657139626738,-1.79894603495084,0.390475422049812
-0.172899431673839,-0.5778494075581,0.291884998393584,1.03098667324564,-0.556472088911229,-0.481941048601704,-0.247450491412615,1.23420317236386,-1.5067424084558,-0.0493502540178377,0.18045456476493,0.759162898427467,-0.881328700071913,-0.260475407719275,0.058458402080101,1.56443776027215,-3.24224448623543,2.10893752268263
2.63857302052748,1.49542800032706,2.21116185417935,1.27928388980457,2.23522101624492,0.658078412293478,1.77142587213103,1.50520342580816,3.76855399279323,0.593712127434126,1.3284754235205,1.09172384094259,0.122707463736842,0.902749299605887,2.91652862617067,0.965219792359404,0.0387706121350705,2.46429221933179
1.03858583931665,1.92560424914092,1.55855616265147,0.19465388948931,1.00634860445891,1.13166890668419,0.371550978691946,-0.691929235682557,0.221239689880137,1.06864509944399,0.769793738831529,0.652162814719531,0.767081882434291,-0.489660124475932,0.0285378864320496,0.339617858241541,0.669250460966849,0.989923682064699
-0.284992901920906,0.108043135655911,0.875413630310903,-0.16542235687795,1.28765834363789,0.903434738211206,-0.0760235775230656,1.04883938498812,1.1182647902475,-0.00865209407238002,0.943678167727704,0.41108364007944,1.08842503665988,1.157747962647,0.0856463542543272,0.830279296358918,-0.6507167732021,-0.0173970779370059
0.127561478584324,-0.705261114140776,-1.19402483334691,2.66118957559182,0.67900323083555,-1.71773093469186,-0.567081595055045,1.58232619267835,-1.37715516963294,-0.0480503199667209,-0.910072281265661,-0.855318717077863,0.611603072955233,0.940654476031331,0.475890213537594,-0.00254050519621086,1.14367922311198,-1.32877507929514
-1.50703365346831,-2.4113573655587,-1.5110637400879,-0.462912245470066,0.260589365543643,-1.53275403154406,-0.478029772110033,-0.424583606632118,0.103177449419635,-0.466981414940281,-1.86801243041054,-0.573056723264799,0.783787434747516,0.697003138993935,-0.793939362262802,-0.612073056332677,-1.1191392336882,-0.460644320427196
-0.801570368068917,-0.428041620784675,-0.310199508432687,-1.29199759660164,0.473897767587255,0.779392953786645,-1.15480430876133,0.584901234773723,-0.591228755080569,0.697785557503377,0.149113103993951,0.0432920892235027,-0.803851096270252,-0.133592216491764,-0.0821118500257632,-0.289172519476492,-0.677143566186777,-0.343660947153545
0.195190991560657,0.616062526308391,0.04481406956771,0.106705129285949,0.943347351877255,0.765487942663202,-1.18958435371841,0.782044739586054,-0.11839324648435,-0.732494281287079,-0.556482110394854,-0.0607886391193743,1.0180662974744,1.1232472505375,-0.351511679780896,-0.273559680363544,1.11382572927306,-0.897123352268109
0.885094889341657,-0.461309974304801,0.776549610728721,0.772341714210986,0.905932311433887,0.639707480198051,-0.149854400654349,0.0974782654491971,0.899302976521856,0.0457548634567454,0.303033871296695,0.544959615790795,0.640451629398853,1.42467411077753,0.0111880977085885,1.00556260304248,-0.687508165086767,1.44475093347132
-1.68122313714337,-1.79173178110898,-1.09334576303291,-0.908678069692636,-0.839377197512176,-1.02096239838424,-1.2181604161527,0.116750694860156,-0.7531686042687,-0.416044596560396,-1.88436765537788,-1.31714487985463,-0.0964065036064456,-1.07253987098936,-2.36235468758455,-0.199110555310016,0.279859250177211,0.440157588444783
1.08473879673182,2.03909252929027,1.11888375808236,0.580107318911607,1.8222956531643,1.22860297580007,-1.62716131041055,1.22590453054096,0.205017756721222,0.784953112350162,-0.102700506740069,1.18601512806942,2.19616051628345,0.510257240615184,0.499068253973854,1.58327845899919,-1.03193667597082,0.535314571523028
0.270402300838233,0.468346005433896,-0.0475915613290733,1.19715367602505,0.961472481717827,1.42138039420333,1.81078290016325,-1.15619176199679,1.93198994046188,0.680378083007675,0.202491030040481,-0.942650265553661,-1.09732605509037,-0.293461381238956,-1.03600379552563,-0.221138741587453,-1.12586077399399,0.51361184027483
-0.125584619515019,-1.83428369282754,1.28905821222438,-0.166648553571601,-1.27902642239296,-0.613586456160781,-1.63800682351677,-0.608884908692256,-1.52558732007448,-0.779899950055826,0.209144357665307,-1.69968374587843,1.06640590530316,-0.710974827067168,0.178356927017358,0.0608644246218411,-0.389441730873228,0.222666185989697
0.242730555902952,-0.251118758659664,0.888289731573235,0.397224664032819,0.287468299044178,-0.223309310286754,-0.213120753335751,-1.2424503358649,-0.371963621628611,-0.926400754191754,-1.70418862627612,-1.05083207084386,-0.57839552864577,-1.3589937806632,0.0851476079886559,1.11196373823232,0.230698026632715,-0.142413353500628
-0.917607731440801,-0.682439218625574,-0.462064664417187,1.16223597539964,-0.942125621283746,-0.559195251584313,-0.424124357546665,-0.638310231767461,0.00699067758015333,-0.0240034525686061,-1.33936405269252,0.336036305162356,-0.5930500137238,-0.103521279641937,-0.496411433700184,0.501485685028253,0.883251201253809,-0.337016269727404
0.462883037930921,0.102939580704381,0.0756969780988018,0.221987826890106,-0.826322957904363,0.971848081649274,0.763985200780139,0.669022472540336,-0.805267552376599,0.183180852377384,-0.536768028751355,0.284532679973899,0.0425303269835801,-0.751577717089325,-1.09942849715248,1.86081407422422,-0.177425899603822,0.627300712049168
-0.846401593907868,-0.683601043605004,-0.0372175873296442,-0.0761342534211699,0.109919467085259,1.21042716799537,-1.44850588427941,-0.520225629270945,-1.16984032462085,-0.408959179594857,-0.804537886866045,-0.822328410524276,0.224028710653395,-0.635327666634938,-0.731104384094427,0.4000786609349,-1.86414813310325,0.570881376749168
0.869388454414195,0.19565481745349,2.57827861581038,1.265871953789,1.73264606786216,1.62970550623437,0.705765198722843,0.730619737465849,2.24933987751218,0.939095947421162,1.11474306223775,1.50877567304303,0.745237358855184,0.486141900438711,1.32214270168545,0.419391632963915,0.32583299300927,-0.103173924335231
0.0519667300252593,-0.15035578057293,-1.00206765426249,-0.944154888354825,0.0244026516213461,-0.061993097039316,2.47593881483445,-2.04350814535706,0.780945424776748,0.456613402564701,0.0904049836902235,1.1340241430647,0.407525753773433,1.32287850702065,-0.760219200810724,-0.582417453685954,-0.802876094260037,-0.22729331553152
-0.49416971565322,-2.02302495927946,-1.74826858878878,-1.15619360191415,0.758406662222258,-0.715185034618776,-0.882495257359131,-1.00816188128268,-1.19978397543462,-0.700244984649488,0.275427836461372,-2.62612064171018,-0.386111109232029,0.198399974197106,-0.424613178569748,-0.322849419771893,-1.060015144389,0.499816460111155
-0.663267456132867,-3.6951297155399,-1.94524220569208,0.260953015039003,1.04399437939042,0.369966245531431,-1.49937331394507,-1.48422677661702,-0.140045607490473,-1.32908129918166,-0.503907976208027,-1.44727986269703,-1.15383071833944,-1.33674247777968,-1.82625144426446,-2.29287329246002,0.397561104844514,-2.99903502714695
0.523407352981631,1.65846172955191,0.859624987396526,-0.275943989881589,0.914457099723106,0.109893777739902,1.59362110851359,1.1121171202827,1.90399718836674,-0.458456870945057,0.357540726292674,1.26325963257637,-0.75615274740821,0.969527538742482,0.900347638776529,1.60273490441803,-1.9409469062354,1.52857901119404
0.6036972870401,1.23527214639214,1.27286030148711,-1.27061939454164,-0.339602185796536,-0.0177104165011297,0.608751340832312,2.09469998565288,1.11704357178333,0.705837974218115,0.983489335016644,0.608879382044461,1.23064279071644,1.09567161757883,-0.831775568736621,-1.27750365951252,-1.16894620714291,0.412476215688978
1.13607052294012,1.60178381216252,1.07949743087569,-0.103276097753106,1.20099140715484,1.34548992572629,1.1468066544626,1.63123137955602,1.08149599590418,1.14566141977861,0.855268716714585,0.367698450715766,0.372861030262349,0.0132657291038497,1.20543535436609,1.08432248616589,-0.901250155589574,0.902995673520207
0.341529276598374,0.892939815877019,0.583615752867285,-0.604107339368125,0.204190245567321,-0.549935602347288,-0.949239452792435,-1.17202315492659,-0.239991661033022,0.109207278660297,-0.686829646440346,-0.175105989866581,-0.209225332430418,-0.0815906945037478,-1.00584704022667,-0.680580760011095,-0.943862238631158,-0.644950689443993
0.197135383728032,0.073215530164038,0.062877982422282,-0.0870871655345865,-0.216169430961855,0.678530772274776,-0.322620585635951,-1.98083301365343,0.915658537804689,0.425318515574568,-0.375170917758622,-1.65200697111758,-0.602903633470792,0.0301058322934194,-0.899193496290667,0.508160685633273,-1.31715005405625,0.96496750349612
0.323278576657969,0.118839794994885,-0.133507261175875,0.712491686067431,1.12498976648779,0.738752413832309,-0.160653986949815,1.02853981766142,0.926613162925843,-0.61797768299724,0.856945792379564,-0.124609214157426,-0.448767123524176,0.349112657919191,-0.132741604500569,-0.395987114063914,0.408540717545291,0.147744117495536
1.09090802764043,0.637509423941264,0.672442470718792,0.0381240614014174,-0.651079839594878,-0.472293583463506,0.0412732414839373,0.208773978824456,-0.35744462669198,-0.0588063714686311,-0.383735458078491,0.405651901907516,-0.737410376188985,1.2139033327762,0.286351257302928,1.34733891935378,1.0339464444651,0.96532811747016
0.232967761677456,0.443960119728745,1.06604893848663,-0.183965165386326,-0.369275984377727,-0.394047094440795,-0.626649483913959,0.274048301804435,0.104762847814006,-1.28578965653142,0.208518865748573,-0.528039461128579,0.0174976232089373,1.15976812487272,-0.132752677349996,-0.937041071762113,-0.121758996643658,-1.35791173648197
-1.20743711766575,-1.2396455761538,-0.963455466074013,-3.46409231223128,-0.601717440468925,-0.693905478361055,-0.82187864430731,2.01990427750964,-0.172867236202499,0.15109680701725,-1.40273892322309,0.106494208072279,-0.142075357912774,-0.263712875075863,-0.562169852094878,0.54280302988076,-1.05093836062394,0.38569513168053
0.0313478243706273,1.23875911182182,1.24183344558359,0.716574902073769,-0.629009651434273,0.599001225150277,-0.351696398651364,0.986639710864791,0.74877740726095,1.6025656903432,1.31576701707988,1.72945490419135,0.483252556214894,-0.831798292542017,0.527607119608078,0.814593143378339,0.87843261001331,0.948033075720088
0.623797526760225,0.537558972530663,-0.532642302899484,-0.714483415063346,-1.92697796494927,-2.44135219932812,-0.330403072985851,-1.59404003474595,-0.998562883987009,-2.14494066798889,-2.53093391879114,-1.41646266493282,-0.815657275575642,-1.01008370799959,-1.23388499037189,-0.160861847724883,-1.81849569809929,2.11541628468798
-0.408424082856144,-1.83230404959235,-2.91742079576595,0.804427075759378,-1.0605998337576,-0.573844047964684,-0.963586634014725,-0.31832596752997,0.326063948598106,-0.795294040656616,0.972334356932749,-0.979785238951179,-0.672781591472851,1.89492694378218,0.455370522815739,-0.27600721726781,-0.796565230997926,-0.876185377077345
-1.91129021040572,-0.10318280582869,-0.251901600822543,-2.05533346830681,0.658615353298026,0.0472345343593709,-1.6889986214975,0.341549794794394,-1.38073167396366,1.5806878828057,0.642468095042965,1.77847020351782,-0.82426387286368,0.800743114836451,-0.857558960245494,-1.12665612876048,-0.12679904984861,-0.748008992007537
-1.40616150627758,-1.71835965945277,-0.956898521067026,1.09238692685887,-0.844701721583485,-0.431273796755259,-0.00735061141232069,-1.20252285963521,0.466128091582137,-0.990553771176915,-1.51961219512282,-1.2427144962071,0.598850358498279,-0.801072167694537,0.55401674258397,0.250014824266142,0.283632915232016,-0.0461040236093981
0.338983381392546,0.456779794313468,1.00556797170294,0.667628486616548,-0.462992643864708,-1.3994030641089,-0.414507560902395,-2.04720834744851,0.223023523947284,-0.278421196543265,-1.36111246206805,-1.49441319862256,-0.151314980532007,0.458437302440514,0.151109944579674,0.622780178840381,1.20560868512697,0.580025260429828
-0.770341469687519,0.101881563253027,-2.33072431565558,-1.37849332305741,-1.04073514840575,-0.140398400167628,-2.28599206533984,-0.56373229078697,-0.994608931306511,0.541092193983011,-0.353384426043519,-0.303455897508013,0.575699640139718,-0.284063779801526,0.447578400256616,-0.527538186724144,1.41799127116166,-1.23997314687511
1.80657151465423,-0.255840744913489,1.16434000804514,-0.903915352735969,1.24940299844439,0.340686387971692,0.929615062565866,0.492583046731021,1.75305441400473,0.146704626446223,1.27573236989968,0.528165730503093,-0.223838858103989,0.576077408548097,0.828091333442423,0.307573937643613,0.574814703693078,-1.55033186336711
-0.551193738717502,0.774039847277649,0.366408367505766,1.05122782202796,-1.57463930910787,-2.13127576949618,-1.5312156733575,1.52495607558009,1.78080602534775,0.478521304224738,-0.640899444590097,-0.597298078876342,-1.32579565611265,-0.455989004970109,-0.279634411174295,-1.00264171890544,0.6208839721076,-0.0368107659212353
0.790617208037521,0.610040117322789,0.583053256385425,-0.67818063872375,0.932077186294282,0.754496710562126,-1.05265443599178,0.0376657755518067,1.34883027994737,-0.0328080327147984,0.564693321878365,0.647615628239607,-1.79807590213905,-0.586526643859402,0.705345197914428,-0.767243845537344,1.31006008199864,-1.1420458543842
-2.0630109809919,-3.69749229799106,-2.49027713436711,-1.17685380464088,-2.07725715577004,-1.20778324198254,-1.44849644256703,-1.28226054624106,-0.318824125386807,-1.18692318428572,-1.09830561103554,-1.6796739989117,-1.13673102161735,-0.360282567799216,-0.243037395027446,-0.741787656599262,-1.14220619991172,-2.17979863693619
-1.256114649982,-1.05077938505204,-0.491763575039221,0.129489388592412,0.597612559978641,-0.49597054488761,0.0623296724240248,1.43832274881833,-0.262153876849932,-0.157381460239711,0.580932101015887,1.48810822764861,2.41895244783488,3.01141643656449,0.56388012882491,-0.193221904718094,-0.0456613549958568,0.142151464215543
0.0524083874117312,-0.699201884695675,0.228252837420336,0.387499270845374,2.79925466887257,1.2395714811792,0.784216864946858,1.12625883515548,1.40697402177725,1.03904244223105,0.559646565634992,2.42635279167869,0.413828967367701,0.622278999670296,1.48065461843357,-0.810097229423751,-1.43223641489731,0.497573821461305
0.0957789538869755,-0.197134870992698,0.372349408234484,-0.82536802636262,-1.39553199506559,0.232666181325313,0.433781875828358,0.192821234563709,-1.18885840418807,-0.309272922919524,-0.252142519750041,-0.377696366362288,-0.71467999829429,0.164520121970614,0.0606151581556634,0.265854598302265,0.590598265711628,-0.393581053497775
0.779913183700613,-0.63311991738801,0.0125766241273538,2.41422400003052,1.43700663254039,0.0445661200983433,-0.403774084300404,0.983997828236763,0.221837089524967,0.342866677461535,-0.631876593971951,-0.525625839778113,-1.19583502295266,-0.60663063888909,0.636691870453555,-0.0513931325192237,0.997015383397767,0.189293199788191
0.720568997630468,0.825871700455805,0.968590336054242,0.554226055696961,1.36320531938753,1.18635078239827,0.77513041795297,0.894950419866383,-1.91296020600985,0.608204914224057,0.690755624706655,0.12739430059613,0.633551322611486,-0.512183696779722,0.111567716345879,-0.362050420957849,1.94433526308048,-0.840193471186453
-0.869387741471109,-1.09297570023802,0.109220586178256,-1.1799162424333,-0.926528413194,0.249737170381867,-0.134211519627661,0.762155185788026,0.0241165876240283,-0.0435058093046149,-1.135067743329,0.0984987382759399,0.5560059634986,-0.0689385992865488,0.1597911473479,-1.60628119040517,-0.588440065112028,-0.850232733617916
-0.315194029950607,0.132106556489531,0.0710752276042213,0.248683608711312,0.690331005612638,0.614365409466895,-0.492699346740826,-0.184918517810142,0.598512641247755,0.0306103565841264,0.507086933036817,1.03849867550719,0.180701773575481,0.680237993138603,0.358775900044386,-0.751741664318466,0.377139115894483,-0.517292164350055
0.573685796606488,0.263427625582974,-0.16552444801513,-0.157315469755591,0.769391400199646,0.150110935893966,-0.86864779380634,-1.59501766318518,0.471145497013619,-1.02037499958488,0.527781502998311,-0.00077612074625918,-0.823026207741544,-0.270739266384425,-2.48011925018373,-1.635575768369,1.09987987934652,-1.56862539970128
1.32018977975508,-0.582842877572791,1.4657392385465,0.818684038917741,0.743486846546745,1.78743998608491,0.101373432364649,0.872589047979569,0.383536002940772,1.49485534093469,0.534508211835206,0.529089772376448,0.884007392168572,0.155641891070859,-1.08711684403412,-0.69536165092627,0.338757772625897,-0.545564985383808
-0.481977316022407,-1.18711984270103,-0.936843364236916,-0.358165521839513,0.305263719930328,-0.104018593677713,-0.257082194995612,-0.289712336785523,0.943092426571255,0.0782395097001887,-0.30936254482575,-0.526543335321314,-0.935066010520488,-0.963329856822123,-0.979458058287143,-1.24535045090273,-2.06852963737163,0.449994275694232
-0.0910951520508721,-0.731583395948059,-0.031727542951761,1.02006409772933,-0.422685263158331,0.361934516498823,0.119867250880506,-1.54871847121011,-1.1232716358976,1.28866851495669,-0.772604536397932,-0.861420718274285,-1.20343506672672,-0.265166408217293,1.02723416324695,-1.09468510984367,0.916209466816652,-1.19572604959056
0.284144650707748,-0.151513677398531,-0.561993702291811,-2.79569845104023,0.874885557587175,0.749966063644278,0.908410191783961,-0.995839255612129,0.280730006942048,0.642678270048932,0.114550550491813,0.0881881223819932,0.111184122320559,0.652323798116336,0.884889917715425,-0.423864222665556,0.0734595543319151,-0.299580012938333
0.29136962303922,0.26071837958156,-0.495456457396462,-1.38000600144883,-0.0692600037538095,0.512359001423187,-0.0480148900875722,-0.825327556651395,0.338815427162397,1.58808464069213,0.188119170484268,0.164345629535879,2.63439600948157,0.638091677847118,-0.82642814888356,0.46071726158146,0.359141938798361,0.502279493006406
-0.664567701143308,0.438988319586589,1.17453700041301,-0.377284882850268,0.850371537656648,-0.18481945874432,-1.42594391251607,-2.20959097225813,-0.244376016237579,1.06716413261406,0.185291056743534,1.81794342700095,1.38176747688871,1.02771003049305,-1.38814995811644,1.05164587716751,0.802634172901702,0.645422400634419
-0.792993282417221,-0.470325988310233,-0.636500455920007,0.464761443527523,1.11837236442355,0.597151991026022,0.873764055686336,0.345321876131896,0.279923736910976,-1.95741888327488,0.456638686141333,-1.13275584801202,-0.659536350486331,0.525961354099138,-0.637910932843839,-2.49031523776783,1.68162209267943,-1.50662072223637
-1.76438034836164,-1.63882423096557,-0.685616832306473,-0.59157173881454,0.686734435577,-0.0669454563362094,-0.224746069894176,-0.660293068051907,-0.66703252460448,-1.35007740132104,-1.71355725928601,-1.97173456884382,-1.20613560643905,-1.16101749115646,-0.973246002062598,-1.47503975585742,-1.17478312132405,-0.660530406340775
-0.91440102868697,-1.29556720726997,-0.834629847643587,0.172929877049254,-1.18030466036851,-0.877597144248977,0.13410143354587,-1.00236913076754,-1.5989514380921,-2.15915740891967,-2.35197206556039,-2.87548456464605,-0.733384045206334,0.0035208917857491,-1.54645606153177,-2.06819469697876,1.78797106506031,-0.884466109535668
0.781278992544366,-1.47492133780276,0.232403094991231,-0.596285791103947,1.000580327908,0.992449388242342,-0.795995871462363,-0.969549938912567,1.05935948064083,-0.999394904159082,-1.11814781228041,-1.15177909985641,-1.21215476036799,-0.212476524471925,-0.148552470667703,-0.942676225981823,0.509841181023378,0.301128119043803
-0.359941096763863,-0.659145260027121,-1.32451186423159,1.12747322798072,-0.908077031002191,-1.19935317481717,-0.727077366348679,-0.177165970976805,-0.299879584571588,0.980536963798168,2.0766961220375,0.793607101358091,0.685561239785348,2.06167949039027,1.8181823107629,-0.709483587325682,0.426502489578039,-0.17951702503437
-0.315324528042816,0.400431689190833,-0.55653581997445,0.0394203499724109,-1.47862058849243,-0.471514059724543,0.231134700692192,-1.84977246001959,-0.484582709668551,1.45144960714725,-0.239718009386731,-0.787230248208695,0.219073757735352,-0.0793363992348252,-0.71869124303812,-0.0322602271006329,-0.0610147920553525,1.05923826169641
0.953324059270453,-0.536492202348504,-1.28363470119266,0.687058286740282,0.770045172642765,2.41630011213524,0.024864195471529,0.932030431684184,0.0499842986821459,1.35506084515956,0.592413254712878,-0.439162271079839,0.77658891803613,0.749663667943872,-0.641041501763497,-0.730697007281532,-0.281793253895833,0.513901918723225
-0.474004363121837,0.412295606211928,0.709362395497815,-0.0665567422537692,-0.399471736299564,-0.529762907855483,-0.498354434761382,0.122200289227528,-1.43654058458653,-1.02423887470315,-0.889629105298733,-0.942766878778885,-0.48620185436739,0.107643677544742,0.348458109581107,-1.70299581160959,-0.357063787747602,-1.25389829313092
-0.310272706322668,1.48236727622834,1.28926787425888,-0.321589850871622,-0.666331239870709,0.193285190206691,1.14083076285479,-0.875829553863226,-0.118063801808185,0.42078949119278,0.0599009786767519,-0.359159617104439,-1.28599840661217,-1.47127165497098,-0.481696970945618,1.20889404035988,-0.580089826923052,0.524631677662108
0.0257872612092524,-0.0818171263461084,-0.694946438886804,-1.36098437216229,0.254193123874219,1.02908617395768,-1.7994431901502,-1.52940410094043,-2.17806539935732,-0.739016375838487,-1.28031615499547,-1.13066353004035,-0.276754488382746,-0.657289743078438,-0.89722113247686,1.66233109361997,-0.750450257441815,1.63029691761877
-0.535983142091611,0.736692861763574,-0.63440289830394,0.426310776391789,1.62280193996504,1.59181145108381,2.35683755633806,2.52996076751239,0.307817924087532,1.33963445025541,1.7962349762921,0.669246609490921,1.18257895240571,0.959062343175213,1.20998219749168,0.229748911053488,-0.180762601450525,0.703578509070549
0.478211268720635,1.56953634220242,0.738581520558252,-1.05019376431805,0.872698374899163,0.0861489504708502,1.14440812403263,2.23391584967969,0.855306244083669,1.03008567875951,1.50026732566493,1.56214005373637,1.08676559639599,0.374475688332267,0.194298746007542,0.369665466218524,0.651914554523847,0.0273855500266018
-0.70283215146233,1.49041207421777,-0.224054977441148,0.434834579869433,-0.337838809577081,0.723156097276175,0.973898401914141,0.348365131981346,0.0210870235198316,0.0788575518996902,0.521389240296151,0.820828292743138,0.582025506743587,1.59678814861277,-0.839918669991765,-0.511417013176719,-0.00759661374603297,-1.71409549244521
-1.17383924033613,-0.0844140842364444,0.878698993378481,0.582827998880509,-1.36395786717828,-0.931745270781078,0.468788987248422,-0.452762846016806,0.651366826196989,0.508392482798915,1.72169464170167,-0.201213813845225,0.715536631028121,0.45885833349579,1.53940900279116,0.822018435473293,0.00952769418131566,1.89308902402551
-0.486888277894929,-0.215597035838073,-1.70168382146779,-0.287621909157145,-0.975684844127276,-0.973205148716896,-1.05114545359515,0.227260776508594,-0.27239355993473,-1.16540168967785,-1.92347355373439,-1.53794228091725,-0.888643243531532,-0.789835508091311,-0.930365630714324,0.577074721665119,-0.188886950246322,0.776681687248305
0.395519992287649,0.49582591361887,0.741626616287155,-0.710220342149093,0.107297631797171,1.14729613954298,0.854876791788306,-1.66655194236665,0.0664477705596647,0.0938540577483427,0.047173953973601,0.283859040648052,-1.0406578257389,-0.435340352632262,-0.0866290204227763,-0.556954234853995,1.70788302370043,-1.11375923286517
2.32520206243152,1.19569579941002,1.33409178918273,-0.917136464329999,-1.49967808491299,1.17563353183653,-0.853020769479594,1.03325918691568,0.736966554672603,-0.147218689961565,1.3822312072436,-0.696451579818128,-0.364131860412694,-1.04299554427324,0.107473608115348,0.118647149373421,-0.994961631949094,1.64864432489166
-0.884495234136921,0.0232304078898249,1.03621509667601,0.00549243393932457,-0.475773463416204,-0.830670354843188,-0.55986338586923,0.561708299635765,-1.37582299140424,-0.228700371080838,-0.301192488794831,0.296811185522583,-0.635315083592038,-1.51800961590164,-0.236264716113481,0.297055581398,-0.437903865386802,-0.267960805621013
-0.0375858232971489,1.92172590073465,1.17974643323932,0.862938797273295,0.798442322553837,-0.548715505562272,1.1625764147673,-1.81441611664965,0.154051627444091,0.997515943231213,0.975455912019649,0.0188840918858054,-0.613052750159482,-0.578078562902116,-1.1516417396333,-0.837328872272983,-0.52592642131994,-0.534582853107372
-1.83415044674379,-0.227334031421807,-1.60320335896259,-1.49136982501668,-0.512332384929943,0.497493034626014,-2.23390005125103,0.927245779970614,-0.622267916324799,-1.47461380648997,-1.12243274219066,-1.25658925865692,0.406644201732317,-0.521015132245858,-0.315711013544612,0.910062419971865,-0.78705403066584,0.617642683593981
-1.51500059915746,0.268717055002736,0.703895429937977,-0.969565516475862,0.822220248985488,-0.8816379805483,0.417199871080715,0.0207159078410377,0.0144344486435947,-0.567221790114584,-1.47058285730674,-0.0076717530165338,-2.27794464026105,-0.908657236711872,-0.295369691625307,-0.60510188512138,-1.74610422199991,-0.154680409607751
0.540012926795317,-0.366915947811667,0.340051826425574,1.29787094277895,0.678582564642242,1.54365738687485,1.15235168760846,0.80200433812509,-0.113695914894039,0.444173549948471,-0.13176291677011,0.318229368188207,-1.05647967211676,-0.774865960411098,-0.146326145437627,0.550495075728889,-0.38171883751482,0.744124211647001
-1.21060588978216,-0.620794545500791,-1.39797614045889,-0.52557393521612,1.08490375912485,1.86751622315251,0.716466675683349,-0.807986379652599,2.43477725506975,-0.351529572468342,-0.0281994070516195,-0.120140819167502,-0.712836072195237,-0.418484122857772,-0.450256135860186,-2.71118714182471,-0.401986159687792,-1.2644111605792
-3.05476347472478,-1.94637727819281,-0.278300819667062,0.419304855827455,-1.6837988753067,-0.472805287974487,-0.628464534915616,-0.857691857812823,-0.0084330307713609,-0.31089422280815,-1.11373405523168,-1.59997581630679,0.62659047199289,0.419541466526383,-0.307905689426716,-1.31369346369103,0.520885106627867,-2.45450904608572
0.521338631162623,-1.69553101968489,-1.25776006757061,0.266431160779727,-0.876784767407541,-0.853713167970807,-0.040328019889911,0.732564892428269,-1.14084945887245,1.50157470519479,0.47066886481176,0.226008724162346,0.630290134981036,0.414136703587405,1.79612488039361,0.234260367599962,0.128566144718658,0.066937193680901
-0.00459981158004614,-0.903255742825448,-0.175497671555323,0.483216944199049,-0.814931338297007,-0.817338151780076,0.125073503677591,0.663275910819426,-1.41365285629389,0.379408594362744,0.677255513809313,-0.603566815050974,-0.675834869504785,-0.787811123872846,0.760256754776066,1.5832430943945,-0.234979723530262,1.06561201903329
-1.04600640180223,-0.283110021885196,-1.81363013557137,-1.95090774624638,0.0669613574599979,-0.771421183011945,-1.13344783256437,0.0486832998471577,-0.363123963963577,-0.38424011106543,-0.886291372001271,-0.86696819047768,-0.89089855462725,-1.00858301390078,-0.660379374864024,1.75120965336243,0.558281700704377,1.46626241730637
-0.817428641657947,-0.429670123827929,0.173774025550829,-0.486428801061611,0.102107777995331,1.00642026860019,-0.84849818598768,0.53278312921156,1.47440830471281,-0.277634472290447,0.242547076644624,-0.19380115503608,0.164393641328122,-0.208104143934528,-0.733893568308454,0.00901278519546149,0.146409080097397,-0.844913918106621
-0.418707223119555,-0.570794056406427,-1.35214874402454,-1.1669712255348,-0.928873221642506,1.07609360046922,0.419652739170764,1.08945765604787,-0.682321454947614,1.08902119470956,0.298442025273429,1.53960664135601,0.382776130874522,-0.294478123181169,-1.64040262499818,-0.835215741027014,0.741749307615521,0.138990267375882
0.864709056027662,0.106039051234241,2.87901194797523,1.68767010576698,0.666620460001605,-1.49548237574825,0.0193811844605424,-1.4382999093304,-0.568497406452164,-0.196873501865001,-0.686566560117073,-1.44196191976416,0.677223422437184,-0.228261070680927,-1.31194293425693,-0.638797038002218,0.847888827266314,-0.748591604520364
-1.1225302461544,0.113072091025026,0.126426252499763,0.656845808225253,-0.536370564174263,0.209973764464026,0.513746781224883,-1.00185593005422,1.5074964827558,-0.993848574683394,0.0352287357292124,-1.33110325238353,-0.723674538905526,-0.211361579765465,-0.277144102215034,-0.45231900005748,1.78631256995408,-0.651394770804926
-0.402738348483648,-0.0125754378064738,1.20618014767248,0.32692543102681,-0.0553855475911798,0.0165009953482342,-0.424001407638589,-0.16598943967209,0.649528615308966,0.80533760325237,0.391667038391211,0.245697713126935,0.225319560008431,-0.0457932176899016,0.566120700077107,-0.2367629678604,1.41613791092677,-1.28105241609058
0.532102857964549,-0.887156266319277,-0.277882579034714,-0.422200175223048,-0.831995979044854,-1.21904927834379,1.35282806657338,0.0853134529109397,0.379295749558795,1.51584440035552,-0.445355980766176,1.24679733139108,-0.49173693634143,0.270965976085301,-0.764130100712331,0.349471007954059,0.908102457876155,-0.699457498837799
-1.12951512814105,0.0300274400352919,-1.079821747034,0.365190667101883,-0.492469780368398,-1.21862295832186,-1.14080738699009,0.00826362340191613,-0.867968254983447,-1.34193173374458,-0.982168842595764,-1.45451552871424,-0.144710786992119,-0.292753627101758,-1.13982502643217,0.66069099349594,0.254569805481601,-0.824563533532593
0.709286017214465,-0.0266399910023147,0.0425313257630905,0.862512887732073,0.114304840647557,0.833372615189849,-0.454997693856068,-0.120955616685736,-0.533346322517532,0.117673638414199,1.15567382019789,0.795306612619865,-1.16203540422031,0.598597808457771,0.278034816451914,-0.565059187851504,0.625458640384695,-1.70725903597869
0.560892405446065,0.302919125767729,-0.88219778786383,-0.200062644766426,-0.49050843777809,-0.0163050219344669,-0.707915580591917,-0.117278532002544,0.262555926350451,1.3783528715062,0.388706976710564,1.17643480099171,1.97076547496138,0.616000700535602,1.15618938196143,0.110642264178574,1.47095823987974,-0.168774193329789
-0.871376688310022,-0.836930993108311,-2.58649546379581,0.438271120904986,-0.497520168941507,0.171421437551847,-1.70215518651423,0.544511837930593,-1.38037203294942,-1.64468498402971,-0.908720550328998,-0.959862002968166,-0.700503827744302,-1.47207380446224,-1.35588201041087,-1.39780197280415,-0.523181030798851,-0.602628468486726
-2.25197834803419,-2.14639409714956,-1.54830199164006,-1.12099697019895,0.501504938085576,0.330665503083658,-0.592490063245131,-1.78912352230638,-0.285927529195612,0.191031098709278,-0.897411453441084,0.114484041196767,0.545523908488902,-1.40249920110501,-0.617769657075567,-0.851099403379125,-2.07929266397276,1.27970364035846
0.162470527828277,-0.458718309830639,-1.73989948517946,-0.411006647569189,-0.737458270123675,1.37688842903494,0.0461994374022672,-0.16383016297298,-0.640667821370017,-0.0456175432408286,-0.909552496744476,-2.4958372862373,0.146997296872244,-0.146894752559739,0.70676139578232,1.12246671300539,-0.638493814181551,-0.779103519908935
-0.477176135717194,0.0214935952587956,-0.150025020332739,-0.907886589887001,-1.36250382126736,-1.70955945031847,-0.724024424071384,-1.39229125022988,0.526630087001609,-0.704150269274692,-0.892772776737443,-1.14829600935698,0.0774189510854446,0.704060469458275,0.307500701852056,-0.148714735662834,0.285151952689535,-0.651676056754332
-0.675317112329537,-0.510574901633423,0.354625504471187,0.202463864856398,-0.365861874833251,0.0061310419189156,-0.450553035180849,0.82673093650215,1.4976873205654,0.446581593513039,-1.2138207438744,-0.369455234043795,0.65386066339965,0.709837848219871,0.931265777102334,0.736728475874814,-0.904189183326764,1.16711347013847
1.39856341403763,0.783608152883186,0.2303650877321,-0.754143570634073,2.53419471854672,0.381845634821108,-2.68584314288555,0.902955487907357,-0.11301018715463,-0.0639448494074245,0.541173558904898,0.283661812086196,0.860177047437836,-0.979837954333313,-1.52646135043333,0.412676238625396,0.819573077003848,2.16038626257213
-0.481604585424795,-0.293037004267866,1.19308040226326,0.104788496987417,-0.00407679313770546,0.625436017572283,0.155357862989101,0.182951334583691,1.15142172881607,0.839625655684903,-0.324351388995564,-0.38645402416263,-1.77491188705972,-0.365114169053935,-0.687946807805153,-1.17297480500884,0.496545770068515,-0.238352428510566
-0.00112234518223284,0.865302714860717,-0.356818785456297,1.80074338756676,2.01461150815483,0.590255494436961,0.549521591237479,0.0345571939322584,2.92382710565561,0.620291986621456,0.351338368048311,0.850357064948831,1.56415100423229,0.932806056257121,0.938948653775973,0.849550690831822,0.00508600092036321,-0.209279694400792
1.13829995010011,1.03887464586217,0.715671306784377,-0.380375702719609,0.855916617000471,1.79058783803721,1.70623329999901,0.813057679922606,1.59377909305896,0.55126433251018,0.888094370419316,0.993245378176281,-0.521447742818181,-1.09086753505544,0.307199441628511,-0.865383585530574,1.27200255663849,-0.702157361007314
-0.186838338911643,-1.39988473911303,-0.544434748133839,-1.27083272743327,-0.745674847483403,-1.01012720396675,-0.171979409508891,-0.910013596723315,2.10000209089876,0.57287109966051,-0.264589587497548,-1.23339925863419,-0.505761656029207,-0.791385820807837,-0.0495094148772288,1.42955531823106,-1.97015037596211,0.726114006815068
-0.771490595495558,0.0223635751036781,0.72774410919208,0.837595238964079,-0.178929783300606,0.062698258217752,-0.0894017082631622,-0.354488792854192,-0.555155141077281,-1.08080209389366,-0.385679439524709,0.400984043005819,-0.377841974854875,-2.16095097519435,-0.446237682420981,-1.1366743776815,0.947186847157338,-1.59526551611399
0.0203281837668198,1.27170947451387,1.26140711471049,0.630106394459021,0.646700740739603,0.787722448558768,0.413116443583439,-0.936990493852426,1.95551959458705,0.541384934012561,-0.37340039905126,0.973195570028873,-0.343944500534202,-1.8585527690559,-1.13950375883177,-0.441074450115313,0.465012820507229,-1.74350987142038
-0.486708983765052,-0.427327440641868,-1.15369565129649,1.20560147823044,2.34140971000766,0.0306838624615618,-0.083527293287884,0.661746675992637,-1.43287602834249,-0.156240243596895,-1.08695439277494,0.990725448798493,0.0473787495035977,-0.0321282597891453,-0.154189979490517,0.590384554100233,-1.10076109015077,0.860846658683384
-1.31031807430434,0.0881480539937625,0.448703889349947,-0.869319148890402,-0.713286323528262,0.55650823426981,-0.177331104732038,-0.635345933910988,1.48577333417284,0.287728318794446,-1.60653890724212,-0.131557310135967,-0.327121620990387,0.0510871343695145,-1.76130280993877,0.473489353350735,-0.721409637209991,0.695077451688753
-0.178466704945636,0.101493693074365,0.955091030542891,1.02831541901442,0.0238998554859442,-0.789253557063121,-1.03599743081278,-1.10980409084971,0.36860765678558,0.297403400805463,-0.313494074284737,-1.47313923566276,-0.933928180647359,-1.12658508343545,-0.009985762562553,-1.70993174030551,0.889568319633365,-1.25885859871345
-0.620587446390058,-0.527444157811095,-1.05133681800841,-0.133525087499555,-1.35307878421848,-1.92512843578113,0.102569237426586,-0.586608420254328,0.977910661530945,0.0994093169019941,-0.987307517354777,-0.336530688576652,1.52182071691784,0.743816037887414,-0.444675114518717,0.549120680962836,0.202428085226499,-0.225496393679379
-1.0610727448653,-0.238418650717729,-1.0634818552122,-0.56227508313647,0.0874736602805095,0.577643483660881,-0.813250940087731,0.999846879550536,-0.151925569020534,-0.217456177596259,-2.03975489969159,0.795711250819992,0.482792226553675,-0.368316855232027,-1.77726514589747,-2.23431516819399,0.27875642641872,-1.77537532639714
-0.0352192548122653,-0.27114363371801,0.708435701223383,0.170216360517743,-0.954573051200721,0.749766768301396,-0.773282209823129,-1.06555142461837,-0.366448510476182,-0.414625794079666,-0.701496316999146,-1.50623342610101,-1.80501467873121,-2.04263679713169,-0.505210564941054,-2.08808948436839,-1.09412296476943,1.5102203085955
-0.207568236137068,1.71035501285885,-0.677322186293573,0.271726163139373,0.945182415932452,-0.528106119941989,-0.0252035177861761,0.107052300414817,1.41602683753347,0.430430325766282,-1.02304196033782,-0.429180867579955,1.07133958422691,-1.80334907282329,-0.181537091547775,0.4923365809009,-1.23246626571021,-0.528838526477741
0.586198053833874,-0.0880973299256561,-1.31449854497172,0.425427235159711,-0.318238117610203,-0.203032648107273,-0.186384094862795,0.161326733494321,0.44691786426654,1.01270094648413,1.08361885190573,0.264196763364336,0.789907243948646,0.438042133304541,-0.461866996203819,0.0617255455506691,-0.675952170786123,0.206913139994837
-1.55609365438737,-0.732891204950739,-1.63849976169079,0.740912695111602,-1.06614390324679,-0.787426804367399,-1.30538803222948,-0.265624564740724,-2.46201293713446,-0.996349797812716,-0.915366523609662,-1.68077491528382,-1.31094149912235,-0.385811658310174,-0.460269655937715,-0.117782801736381,-1.03116149391119,0.497315727854343
0.454016257752874,0.312807852011001,-0.388776076428611,-0.716526936279221,0.442329471094102,0.0952758426773039,-0.00145668511821865,0.496444650860478,1.36844590794959,-0.405539659010364,0.515068366444704,-1.57366369347261,-2.29950310408953,-1.62383017857683,1.89689489770859,-0.352830092362287,2.30030681520882,-0.586116164534089
0.0694767762857382,0.0649613991047217,0.618895423536008,0.923053055758651,-0.0806555196242178,0.507241582253277,0.392776719461942,-0.621650803334701,1.86438706344442,1.72215270994166,0.528246315941773,0.16155015168214,0.235050803225425,0.52093702074608,0.817855145850623,0.117197030932724,2.03121330421835,-0.26230599903195
1.2911219398843,0.375914062748748,-0.0138198683079448,0.997562800051528,-0.0864084095525268,-0.308293599013029,0.00349329967675946,0.662160894559372,1.23138531535765,-0.491156652334931,-0.353239328304097,0.263028094099917,-0.263745299493427,-0.123445297954042,0.478117514501952,-0.367441113872758,-0.1703735177285,-0.964752537111256
-0.484537346622137,-0.698223114582166,-0.0786082273396175,0.0472832109077877,-0.338226949059257,-0.640099165381417,1.09515829895952,0.971882658752507,-0.673943996186601,0.00357593858329921,-0.583705792650874,-0.317719419925073,-1.42237072077141,-0.223777170926227,-0.28171344078678,0.469234942523571,2.08087427780495,-0.906347993598951
0.022258484522105,0.422768368672493,0.28847222184968,-0.987129556592933,0.773257768348502,0.579498165942449,-0.0643528022570623,-0.183467803805808,0.757476635967275,-0.319285887867924,-0.879268768126976,-0.847451921796013,-0.248498461263677,-0.800937548413692,-0.426014912438421,-0.971324977219148,0.208636502535921,1.60403327759963
0.776823649853565,0.644827913529083,1.48053632625625,-0.432934701765537,-0.460414831233276,1.74424477974979,-0.388442811632842,-1.17274164398701,0.0210913108032528,1.41499375462461,0.528942759901212,-0.642573120763692,1.62578969656152,0.482504035492003,-1.20071251122197,-0.139736846126807,1.35111731266494,-1.66526099093471
1.68561045268669,1.01952382733239,1.44782030017044,1.62622267951258,0.909196088788697,-1.32062750620179,2.36561813915932,0.0700290941666489,1.06923522894443,1.35803399437964,0.27441096761633,2.64863623048692,1.40604843387773,1.83538778737652,1.2586873996117,1.02911264759815,0.567186382320619,-0.0208128252372236
0.888932933209033,1.05377572187203,0.0627732991782833,1.48248053393094,2.53696343154865,1.31058755105856,-0.117691834247613,-0.304001329515686,1.48279944823756,2.01312905081405,1.51453989315558,2.3885621104424,3.33665528363272,1.13292060517568,1.18085141395463,0.41013237158779,1.71841630354584,-0.215376291162842
0.261977538288134,-0.86645901488926,0.303723872912356,1.17166044570795,-0.45301199687828,0.741145300187879,1.48110683477434,0.223396080331608,-0.925167571540631,-0.411697213107805,1.26544155492821,-0.697929115087062,-1.51686362052611,-0.443516590263988,-1.22930238755692,-0.0844650099767155,-0.13995959516439,0.915777407047908
1.01558125678437,0.496602771976161,1.13675864819812,-1.16278763112333,0.646241391851375,2.21664855466278,0.640300461937535,0.46488873697461,1.46739760649804,-0.588881998199388,0.614027566503941,1.08861573477872,0.768495808517984,0.0684907604801745,-0.82112240598715,-1.54654207939943,-0.856370951608185,-1.00056428425376
1.42957342442674,2.37290279494677,1.44057649541662,0.757881615708541,0.322345814726459,1.08147478416733,-0.489926843055041,1.97443337488612,-0.113313590717692,2.32943848137001,-0.638278431255132,-0.156123611832103,0.526332578658778,0.481307236496706,0.489207495548843,2.19385965643292,-0.166594500376159,0.578294512025611
-0.18372336128463,-0.6454348367507,1.63045415763254,0.889641597606162,0.0147783740706274,-0.151405547095086,-0.378982884675927,0.464210947604337,0.728390028495664,0.582961400254209,-0.795254960334779,0.676298499875574,1.20126449487457,-0.428295261988686,0.338024869771612,0.361354521007473,-0.0855318227572764,1.77907752833127
0.839559721633116,0.676753975138188,-0.407271309332581,-0.147617707752674,1.5519785031188,0.135870218359746,1.06154390642421,-0.88639016145231,0.421351672332863,0.367267088945192,0.203289820758258,0.184605069084442,0.465730964787669,-0.829331550022999,0.0973966702384361,1.03841458275083,-0.999566408575923,2.63320209816827
0.401589868971597,-1.24618443849531,-0.405211070792653,-0.205454115516975,0.0765188285064082,-0.765991932230439,0.0162088030689469,-0.31454629273371,0.579303897616359,1.23220529657402,-0.486730483114903,-0.354130771519498,0.975021724582287,1.05022119791781,0.930855689254226,0.74292087896138,-0.201321942749185,0.833654810297613
-0.862019293452056,-0.227561118331204,-0.570698387832313,-1.60318087150909,-3.70495138693213,0.0679388680801214,-0.307027250982109,-0.329332000586731,-0.543197408300236,-1.31429446200996,-0.690292513025843,-1.4449399087852,-1.21760449899778,-0.52653784899863,-1.40185573538705,-3.16847545748189,1.87564411709909,-0.719704806223455
1.74666830283668,0.404582258443966,2.66204376230138,-0.550460471345445,-0.153581065441059,0.366968607566464,-0.819925843942789,0.544851553638391,2.11322823853093,1.60430595710071,0.844459659476013,1.96626545128838,0.861960107209188,0.413397011661018,0.625257065108148,-0.589208972306241,0.223531284928316,0.0303853002909961
0.631359525430168,1.22460250320437,0.533577765649995,0.278666082951551,-0.82292225896521,0.726425307842444,0.475957562980933,-0.0880398273135585,-0.579205372180669,0.660082409758778,2.21578436741106,1.55268986849445,-0.965601466934968,2.52227242703599,0.236574008896732,-1.69208177937737,-0.0584421621954446,-0.076847686034308
-0.00490404459297809,0.786676472386231,-0.00921371450589044,-1.03280901056521,0.190102784902892,0.478633261655988,-0.429560580806026,0.0628331022744206,0.11558494469504,0.49245930384512,0.614183899941799,0.289680220708704,-1.01474136615287,-2.29476567895826,-2.62363770092605,0.316105448612827,-0.0503511829761904,0.449199472689879
0.591801643182613,0.133628906033086,1.41453052420434,0.712345097318093,0.443455869742105,0.133272131439811,1.09806549235854,1.55377566636639,-0.442285681803458,1.81079018515607,0.312807918604282,-0.939026076701662,1.07755280408544,0.568027333732818,0.643731405529991,0.900643970859547,-0.664295640702317,-0.416019927642976
0.444312096065744,0.935686240616941,0.328411783810617,-1.38265839859009,-1.48755178485671,-1.75910831672474,-0.297727199177127,-0.897847521907763,-1.63922311692924,0.17701097050226,-0.567703767790377,-0.124670710594593,-0.215616956443548,-0.798272577071323,0.167996872115155,-1.17006899238956,-0.540791400724245,0.556438074353664
0.102683397171933,-0.00603235386753263,0.759671324197151,0.911666186635202,-0.351097992078323,1.75259460204088,0.272872265208427,-0.786019134586616,-0.40641600406292,-0.230249103539952,0.317240619403976,0.34358263766822,-0.502817020792246,-0.026730400858248,-0.743779766326417,-0.648700900620814,-1.4682402916399,0.751844589137816
-0.334446733465691,-2.01032365143866,-0.187942574708581,-0.456738688347045,-0.633675046110022,-0.420667496511157,0.282477501769001,-0.172561053672394,1.3420473005398,-0.349856117114045,-1.57772372029696,-1.27157301176774,-0.73426822983083,-0.906183234518366,0.707994672112159,-0.803201784028559,0.639307409957252,-1.32885556241574
0.55200026059101,-0.720463030672052,-0.364351636147568,0.719230271884727,0.615368073230669,1.02772093446917,0.881774717185142,0.803794522406152,-0.324885872263373,0.87163735445136,1.41102779949554,1.52782351625896,0.961401497616011,2.24346556041735,1.98239053490728,0.986001390810114,1.86053905113547,-0.879949246744493
-0.161471292001116,-0.0651297481789995,-0.0565476557843041,0.824348510556178,0.917409889624278,2.00446918545274,0.780339989090124,-1.00183783794405,1.11830248685285,0.7183395663398,-1.1497013847058,-0.198276628897208,0.911194500517554,-0.766566758153919,0.174788331399368,-0.603257061104484,1.35080102903954,-0.561434632856351
0.330163085476619,-0.168721899829319,-0.236498499180822,-0.0137521832096744,0.690095230473268,-0.0656071283189011,-1.49098867800354,-0.70408211330798,-0.734042612117791,-0.891716162237042,0.0742130673499589,-1.90349050305107,-2.75233000159914,-1.7585474648819,-1.08497779883172,-0.718900332449302,-0.468444574203054,0.707369114064367
-0.0929089330681278,-2.20408785005952,-1.64104260525968,0.5616145493058,0.251213381136334,0.535606253147159,-0.891981256980363,-0.444431695374823,0.440650987039462,0.122421251432976,-0.917851529122381,0.053895212370023,0.951338798032269,-0.829871783135334,-1.79814158471426,-0.228857545053776,0.43401719491186,-0.715212786058537
-0.62279530996646,-1.55240128599591,-1.22299851393857,1.49471755679283,1.15196567179375,-0.39847571514106,-1.43685733371753,-0.406260492029308,-0.707063605686026,-0.138215261637486,1.51927890718067,0.044150996255949,0.448528531885044,1.89945293516583,-0.742572605576971,1.13133768329197,-1.0221208920334,0.216013153027831
-0.4822589156468,-0.131022108917165,-0.507667039708053,-1.20413795801813,0.0444700113723422,-0.736689570397465,-1.73257161314223,-1.57190303467226,0.648777977191842,-0.698593321239103,-0.213094290677192,-0.449419169083101,-1.05371546226551,-0.983518277302361,-2.28260576800599,-0.612367839411763,0.889494292565042,-1.2587592705335
1.59341881609407,0.215049525484904,-0.511840245074566,-0.0261825562558439,-1.68698561166394,0.241125012990378,0.459403317762146,0.0201074414473634,0.200199974039461,1.31706483401687,0.0661431087334282,-0.587819589986336,-1.32851675841862,-1.5856862895346,-1.48554861983149,-1.66406222019005,-0.771657792672437,-1.13020461125453
1.11136693519086,-0.497171397082072,-0.7680973365294,-0.166028477862712,0.0296172604707567,1.39237097356142,1.38079797160211,-0.140745511788822,0.222165319281837,1.76648694306596,0.680538655446953,0.176288616422081,1.34288852056048,0.324477653575972,1.76491059988685,1.03247562122239,-0.0831644742951343,-0.70558898163173
-1.62839168148651,-1.32802984482275,-0.61126602484426,1.40581495285796,-0.199675039506873,-0.337646189605559,-1.35472651253911,-0.953704829314239,-1.40888801849162,-0.791406084340803,-1.5285203339689,-2.7325050645064,-0.617954599586704,-0.336167332159597,-0.888405254439893,0.236328333382562,0.217007515757294,-0.598884737178951
0.0899391622149025,-0.825811466884433,0.482160802874472,0.149214279816301,-0.730603055886704,0.322521406147712,-0.41987893716518,0.475806697426351,1.28207408757153,-0.340064403489096,1.05505683170799,-0.931121777151094,0.0209962184756489,0.710851234812094,0.724128726515756,0.471802695445858,0.561352486200081,0.451544208344454
-0.166078093654368,-1.80327969690436,0.71898949459538,-1.97567270758126,-1.65345412494085,-0.984058877408126,-1.06628164904471,-1.15970838468779,-1.49538863239998,-1.18269357567123,-0.49308469615758,-1.10961444207748,-2.51293574327881,-1.6344831444639,-0.698397623383001,0.969422933600751,-0.465863683180516,1.07483563221739
0.27405750141621,0.601114790610333,0.386725495311387,1.68632366503846,2.66325579219437,0.868358359363159,0.318007094383334,0.512299599303113,0.0248177071577512,0.431023803823111,0.861996267335174,1.50549733939358,0.698963799864997,-0.530986885466241,-0.0498267717745973,-0.7633400596861,0.886207418098398,-0.499947778156258
-1.0542081058494,-0.548678593891384,0.660319105374295,0.332740965719192,-0.749128297761699,0.579206462561549,-0.704183566202474,-0.115532213573548,0.343628414654727,1.20694976177268,-1.71027997844436,-0.965794067451488,0.182780779081907,-1.46111456314759,-1.24760398894767,0.0113991118677873,-1.02324875999202,-0.12964546778764
-0.969348375700911,-0.301647091204713,0.318712904794469,-1.34325939675984,-0.111797530043131,0.789664682173864,-0.267421373269543,-0.177508588647457,-0.630037623297762,-0.833892394388932,-1.73841828918712,-0.490798172755608,0.571596213838652,0.18768283336732,-0.220873221758047,-0.269229987621731,-0.36534101010071,0.244761978290257
0.61121348629344,0.456119537005645,1.19122998683059,-1.13270213019434,0.514327499646461,0.840798033390782,-0.641173942597915,0.331101805173797,0.335764935524644,0.333177906189527,-1.24964051595932,0.834118726669055,0.0620867344550076,0.0942415459072006,0.975153933693516,0.466930141536576,-0.730268625123743,1.42339895052445
-0.96860581165523,0.0784699791556145,0.148405897949258,-0.841447424178379,1.57000718595444,1.7390507276847,-0.805920790092753,0.384779772996634,-1.01600334802894,-0.332531966367712,0.378344668518861,-0.0809413948422203,-0.672600002769145,-0.00500507308289355,-1.04089781700766,0.282210408347411,-1.47249649041665,-0.221950898060916
2.00613120464384,-0.876987890557232,-1.2572588149256,-0.584266501849618,1.38352505420648,-0.0284298517009889,0.603675878171064,-0.663542674398392,0.243841144881486,0.0232591348122463,1.55970932059567,-0.588336114072082,-2.03037697460751,-0.633513911518186,-1.08099643013808,-0.388485204365505,-0.431300657004525,-0.29712281111395
0.252813751737263,0.882760340855504,0.345067820105893,0.0977771981754878,0.465956378765118,-2.04998285073044,0.611534669984923,1.29453033734178,0.286465195743553,-0.643238046564795,0.66912647154851,0.216546774610946,-0.228048756952646,-0.29257635277473,0.40049657710642,0.054217545703941,-0.324964828651723,1.37178212095464
1.71066528638064,-0.526322961273572,0.527797510070471,0.344582416723906,0.412568552214407,1.53949850498483,0.657839297385872,0.835741791207767,0.341831482907323,-0.29426799775773,1.76380589429875,0.519156127656046,-0.0993640176569894,0.767421633198001,1.28767360303746,1.27624847363993,0.180178584921254,-0.766548378080299
2.0979676853152,1.08233148960105,-0.0947469201529558,-0.100577480147878,1.16022044169098,0.364916020441406,-0.571277695278372,2.02305404259278,-0.346845132489592,0.857098647196962,0.264806138732905,1.24977120577445,1.88497571017994,1.53177104508388,-0.030584231136408,2.18246624793685,-0.509106400524688,2.08150190286658
-2.08680439028293,-0.896450503560395,0.471443805839847,-1.86391782504627,-3.03654333090807,-1.87649634739995,-2.29276008933465,-1.22130969343617,-1.71243394175234,0.278947092489358,-0.355631268016032,-1.07316840094614,0.538786674341817,1.56708581063342,-0.417437473753044,1.72468096335989,-1.61120325364264,1.85410536284125
0.20808429137737,0.896628817709473,-0.942288082202889,-0.558226099742257,-0.994891734036244,0.517705909363407,1.11374301354126,-0.683354946179938,-0.41173053638224,-0.293607034102193,-0.450737259558445,0.0185395898634095,-0.791843936174487,-0.863028546983583,-1.16843807564477,0.15015812258955,-1.32522304862042,0.247300231505403
-0.610658466573514,-0.243453455939821,-1.48567756556038,-0.118251362181219,-0.365746258851048,-0.2129639950646,-0.0751628275872796,1.88158165309878,-0.753627981882897,-0.312593504974878,0.152332068455276,-0.0573203615685815,0.11910798823145,0.543451924528695,1.38599590031184,-1.99279764102079,0.632290895990348,-0.842179868190101
1.10198427141841,-0.379887040766939,0.402570281819359,1.57219389074435,0.998665329162087,-2.34902805581855,-1.62890077861019,-0.593671605770709,-0.983253285690168,1.384090961898,0.591319214843036,-1.40439613533026,-1.05144612634791,-0.19129774866976,-0.567374708608678,0.943780724841493,0.450718300367119,0.198614249112439
1.45201618529514,0.430706113886394,0.662885855299798,0.563660866677003,-0.0656181678909229,-0.40663864893247,-0.0824135165157149,1.67581432539785,-0.852666980411577,0.335860393732816,0.615426114667523,0.558507440708008,-0.6626764640163,0.985577668763593,0.914729665141275,-0.299948144352908,0.179580254768241,-0.832195858816174
2.55203642369781,0.027981857763402,0.618063706275207,-0.0554550958063656,-0.547902811143185,0.272650012030731,1.30578236541986,1.37344761104407,1.18471659761878,0.30918883655828,3.42193568802555,0.117995569804148,-0.0240594310200109,0.314650790863135,-0.411901491914482,0.250392461421577,-0.504077558820608,0.0197849993699184
0.142263564390762,1.37203551255657,1.00699646675846,0.162236968551301,1.44745185858324,0.948185547855232,-0.583483375146945,-0.453718252366126,-1.07405564105298,0.75385630896227,1.47398668922942,-0.519038835803405,-0.454122631044316,0.567771411558004,0.910684633979368,0.116856576710602,-0.338700611097307,-0.427050681196336
-0.00285852081367021,-0.840758628285093,-0.468531430573354,0.359757618041711,-1.14827337042217,1.05920201725138,0.587616818992781,0.131683600940092,-0.745939584609646,0.918561249358663,-1.00899618032639,0.0272802822969209,-0.249358024453528,0.805689277305892,0.884869120368451,0.25597762280185,0.779301848681239,0.651738524268673
-0.302193921336549,-0.503842425091171,-0.489436877982143,-0.266388641988633,-1.03387985702488,-0.461618941020148,0.227079066714421,0.455885879327576,-0.919817016307369,-0.193434760561542,0.786468068341395,-0.339507591953647,-0.509520760521231,0.407270700823736,1.03991432833107,1.22457998101393,1.70859917992521,-0.384639739572032
0.590135696642868,-1.08914943101804,0.360802462408932,0.687314916361651,-0.642618495946673,-1.64231636090193,-0.00842782984828449,-0.530605676487336,-1.46407951466862,-0.884958164620537,-0.323916083521563,-1.63009709335222,0.789680965893158,-0.616500837480364,1.29578021540869,0.0150467058671213,-3.36154292523254,1.89980359085731
-0.36195258784433,-0.282365901418033,-0.985870529957881,0.382047998799488,0.322039948494918,-0.727614744515808,-0.251835301379194,-0.879858784024308,-1.12556846007078,-0.507417546120493,-0.302461083901171,-0.363905745460099,0.916545728388843,-1.29932746206025,-1.19943508333551,0.230096730639313,-0.417110297650397,-0.147700497058524
0.103710283500283,0.779451032775413,0.883421371004608,1.57818689585236,-0.35864409681169,1.1662649152676,-0.725022383224889,0.688832190504091,-1.30051752307239,0.106576707276343,0.238581256266734,0.241907813819377,0.528272265727557,0.656025333264506,-0.0129949637972875,0.368077887594588,-1.66862166129043,0.906030833564772
-0.629750527981097,-1.13205903479915,-1.15922743368074,0.948981167994039,-1.30519446640326,-0.0892186344276082,1.82508760400367,-1.20121812603769,-0.583018307656426,0.0947094593747694,1.88647225527225,1.47592436914745,-1.35203832666095,-0.472157363129274,1.62486626571239,-1.05883046456319,0.0568818256923873,-1.97183657488526
-0.865502280942902,-1.52656685109491,-0.488939701770758,-1.0912830887349,-0.601147581149486,-2.07651494510252,-1.28482300606862,0.0466428122575095,-1.08429681954996,-0.631337719488025,-1.06303017029075,-0.488887559050934,-0.230359339894371,-0.588807263312086,-0.211850924452943,-2.90490605164523,1.13126109207392,-2.74404998856936
-1.30581787376174,-1.34340123553946,0.179077826853738,0.717092801030475,-2.2148184854126,-0.951477818718247,-1.23361134075152,-1.18311808436398,-1.3220751159472,-1.21362657307154,0.223411219120673,-0.8527543625218,1.7078046056415,0.164937885104314,-0.75482776803433,0.760694104393901,-1.14700165953167,0.62376306007348
2.59693077948883,1.11470768676706,0.579614813609879,1.63750267158443,0.827119997764505,-0.277448950642878,1.70704374245041,1.62923341305127,-0.109010750683587,2.00068669549002,1.3493761648132,2.73519075659335,1.18010423329818,0.971890446835679,1.80514651153867,1.52263503237963,-0.831731743498871,1.74446157091202
-0.36230659791746,0.845076580623034,0.899134546181935,-1.38503574607456,-1.19921551402235,0.699095341849847,0.14153175117626,0.0118288841652698,-0.059340094133423,-0.872851772844688,0.19628989929082,1.94130892645783,0.392943727664422,1.35732257087997,0.008120360006866,1.02755226057894,-0.812857575204403,0.794487368848624
-1.19657720382161,-0.399111000897258,1.00567859798662,-1.55363160326213,-1.09127470817632,1.27133001861859,-0.354777041777037,-0.782460112700752,0.807907967615695,-0.762141602964855,-0.939554095085641,-1.82151761857752,-0.24814849002561,-0.854073237716822,0.509739209966252,0.840810374337119,0.314297102723124,1.04130364800308
-1.1706818147927,-0.615859460830031,-0.151299859381149,-1.08267788000582,0.0304213032454907,-0.392002129846009,-1.1587099614195,1.35307342257139,-0.122912589287096,-0.507578699565574,-0.152803437950902,-1.36235639455179,-0.362615107572933,-1.51336924917426,-0.80405448244921,-1.85831900268028,0.641351389815479,-0.0890541297415515
-0.661084607227426,-0.073254512670348,-0.522165063326768,-1.30288775481854,1.1727474231711,1.27275371522885,-0.0304612319200373,-0.633894033108032,-0.362188147591075,-0.785371736535556,-1.00542222466079,-0.587548847074828,-1.65073839511624,-1.43209197782471,-1.17642092755364,1.60575455413936,0.960714238355661,0.318970983050357
-0.821488758289787,-0.379130506301507,1.20263909871692,0.743727189637561,0.430029561250006,-1.31233995014556,-0.499714246975156,-1.25013912790312,-0.748460938286846,0.358789684712119,0.935104165301919,0.191532185150134,0.720500093581102,0.941732430609791,0.00205991550472283,-1.28704477924304,-0.301846415127704,-0.136255492493067
-1.02037812293905,-0.949312701616062,0.245167793534246,0.827182588768375,-2.53323981603391,0.124426377251766,-1.89079434102613,-1.65110081152637,-1.22832282435751,-2.40656297632709,-0.777717654450298,-1.73914488385614,-2.34411019839536,-1.05668011854946,-2.86847767750722,-1.8135966590441,0.828733829256359,-1.60470203503507
-2.08660492014004,-0.0471140661514204,-2.27874241569799,0.471383914764639,-0.882686987105543,-1.4966649953686,-1.40702888675843,-1.57823390236405,0.258235367225496,-0.637691139666078,-1.54715458323924,-1.22461662168133,0.90788052796752,-0.678216273340942,-0.772374591933794,-1.41863698785445,-1.01220087996109,1.9266260124742
